<Ui xmlns="http://www.blizzard.com/wow/ui/" xmlns:xsi="http://www.w3.org/2001/XMLSchema-instance" xsi:schemaLocation="http://www.blizzard.com/wow/ui/
..\FrameXML\UI.xsd">

<Script file="Skeram.lua"/>
<Script file="BugFamily.lua"/>
<Script file="Sartura.lua"/>
<Script file="Fankriss.lua"/>
<Script file="Viscidus.lua"/>
<Script file="Huhuran.lua"/>
<Script file="Twins.lua"/>
<Script file="Ouro.lua"/>
<Script file="Cthun.lua"/>
<Script file="Trash.lua"/>

<Include file="Options\options.xml"/>

</Ui>
