<Ui xmlns="http://www.blizzard.com/wow/ui/" xmlns:xsi="http://www.w3.org/2001/XMLSchema-instance" xsi:schemaLocation="http://www.blizzard.com/wow/ui/
..\FrameXML\UI.xsd">
	<Script file="Perl_Config_Party_Pet.lua"/>


	<Frame name="Perl_Config_Party_Pet_Frame" frameStrata="DIALOG" hidden="true" enableMouse="true">
		<Size>
			<AbsDimension x="600" y="380"/>
		</Size>
		<Anchors>
			<Anchor point="TOPLEFT" relativePoint="TOPLEFT" relativeTo="Perl_Config_Frame">
				<Offset>
					<AbsDimension x="0" y="-120"/>
				</Offset>
			</Anchor>
		</Anchors>
		<Layers>
			<Layer level="ARTWORK">
				<Texture name="Perl_Config_Party_Pet_Header" file="Interface\DialogFrame\UI-DialogBox-Header">
					<Size>
						<AbsDimension x="256" y="64"/>
					</Size>
					<Anchors>
						<Anchor point="TOP">
							<Offset>
								<AbsDimension x="0" y="12"/>
							</Offset>
						</Anchor>
					</Anchors>
				</Texture>
				<FontString inherits="GameFontNormal" text="PERL_LOCALIZED_CONFIG_PARTYPET">
					<Anchors>
						<Anchor point="TOP" relativeTo="Perl_Config_Party_Pet_Header">
							<Offset>
								<AbsDimension x="0" y="-14"/>
							</Offset>
						</Anchor>
					</Anchors>
				</FontString>

				<FontString name="$parent_Buff_Location_Text" inherits="GameFontNormal" text="PERL_LOCALIZED_CONFIG_BUFF_LOCATION">
					<Anchors>
						<Anchor point="LEFT" relativePoint="TOPLEFT">
							<Offset>
								<AbsDimension x="400" y="-90"/>
							</Offset>
						</Anchor>
					</Anchors>
				</FontString>

				<FontString name="$parent_Debuff_Location_Text" inherits="GameFontNormal" text="PERL_LOCALIZED_CONFIG_DEBUFF_LOCATION">
					<Anchors>
						<Anchor point="LEFT" relativePoint="TOPLEFT">
							<Offset>
								<AbsDimension x="400" y="-150"/>
							</Offset>
						</Anchor>
					</Anchors>
				</FontString>

				<FontString name="$parent_Buff_Size_Text" inherits="GameFontNormal" text="PERL_LOCALIZED_CONFIG_BUFF_SIZE_SMALL">
					<Anchors>
						<Anchor point="LEFT" relativePoint="TOPLEFT">
							<Offset>
								<AbsDimension x="400" y="-210"/>
							</Offset>
						</Anchor>
					</Anchors>
				</FontString>

				<FontString name="$parent_Debuff_Size_Text" inherits="GameFontNormal" text="PERL_LOCALIZED_CONFIG_DEBUFF_SIZE_SMALL">
					<Anchors>
						<Anchor point="LEFT" relativePoint="TOPLEFT">
							<Offset>
								<AbsDimension x="400" y="-270"/>
							</Offset>
						</Anchor>
					</Anchors>
				</FontString>

				<FontString name="$parent_Buff_Text" inherits="GameFontNormal" text="PERL_LOCALIZED_CONFIG_BUFF_NUMBER">
					<Anchors>
						<Anchor point="LEFT" relativePoint="TOPLEFT">
							<Offset>
								<AbsDimension x="200" y="-210"/>
							</Offset>
						</Anchor>
					</Anchors>
				</FontString>

				<FontString name="$parent_Debuff_Text" inherits="GameFontNormal" text="PERL_LOCALIZED_CONFIG_DEBUFF_NUMBER">
					<Anchors>
						<Anchor point="LEFT" relativePoint="TOPLEFT">
							<Offset>
								<AbsDimension x="200" y="-270"/>
							</Offset>
						</Anchor>
					</Anchors>
				</FontString>

				<FontString name="$parent_Misc_Text" inherits="GameFontNormal" text="PERL_LOCALIZED_CONFIG_MISC">
					<Anchors>
						<Anchor point="LEFT" relativePoint="TOPLEFT">
							<Offset>
								<AbsDimension x="20" y="-30"/>
							</Offset>
						</Anchor>
					</Anchors>
				</FontString>

				<FontString name="$parent_Transparency_Text" inherits="GameFontNormal" text="PERL_LOCALIZED_CONFIG_TRANSPARENCY">
					<Anchors>
						<Anchor point="LEFT" relativePoint="TOPLEFT">
							<Offset>
								<AbsDimension x="350" y="-30"/>
							</Offset>
						</Anchor>
					</Anchors>
				</FontString>

				<FontString name="$parent_Scaling_Text" inherits="GameFontNormal" text="PERL_LOCALIZED_CONFIG_SCALING">
					<Anchors>
						<Anchor point="LEFT" relativePoint="TOPLEFT">
							<Offset>
								<AbsDimension x="20" y="-325"/>
							</Offset>
						</Anchor>
					</Anchors>
				</FontString>
			</Layer>
		</Layers>

		<Frames>
			<Slider name="$parent_Slider1" inherits="OptionsSliderTemplate" minValue="1" maxValue="149" valueStep="1">
				<Size>
					<AbsDimension x="200" y="15"/>
				</Size>
				<Anchors>
					<Anchor point="TOPLEFT" relativePoint="TOPLEFT" relativeTo="$parent_Scaling_Text">
						<Offset>
							<AbsDimension x="20" y="-20"/>
						</Offset>
					</Anchor>
				</Anchors>
				<Scripts>
					<OnValueChanged>
						_G[self:GetName().."Text"]:SetText(_G[self:GetName()]:GetValue());
						Perl_Config_Party_Pet_Set_Scale(_G[self:GetName()]:GetValue());
					</OnValueChanged>
				</Scripts>
			</Slider>

			<CheckButton name="$parent_CheckButton1" inherits="UICheckButtonTemplate" id="1">
				<Size>
					<AbsDimension x="20" y="20"/>
				</Size>
				<Anchors>
					<Anchor point="TOPLEFT" relativePoint="TOPRIGHT" relativeTo="$parent_Slider1">
						<Offset>
							<AbsDimension x="20" y="0"/>
						</Offset>
					</Anchor>
				</Anchors>
				<Scripts>
					<OnLoad>
						_G[self:GetName().."Text"]:SetText(PERL_LOCALIZED_CONFIG_SCALING_SET_CURRENT);
					</OnLoad>
					<OnClick>
						Perl_Config_Party_Pet_Set_Scale();
					</OnClick>
				</Scripts>
			</CheckButton>

			<Slider name="$parent_Slider2" inherits="OptionsSliderTemplate" minValue="0" maxValue="100" valueStep="1">
				<Size>
					<AbsDimension x="200" y="15"/>
				</Size>
				<Anchors>
					<Anchor point="TOPLEFT" relativePoint="TOPLEFT" relativeTo="$parent_Transparency_Text">
						<Offset>
							<AbsDimension x="20" y="-20"/>
						</Offset>
					</Anchor>
				</Anchors>
				<Scripts>
					<OnValueChanged>
						_G[self:GetName().."Text"]:SetText(_G[self:GetName()]:GetValue());
						Perl_Config_Party_Pet_Set_Transparency(_G[self:GetName()]:GetValue());
					</OnValueChanged>
				</Scripts>
			</Slider>

			<Slider name="$parent_Slider3" inherits="OptionsSliderTemplate" minValue="0" maxValue="16" valueStep="1">
				<Size>
					<AbsDimension x="150" y="15"/>
				</Size>
				<Anchors>
					<Anchor point="TOPLEFT" relativePoint="TOPLEFT" relativeTo="$parent_Buff_Text">
						<Offset>
							<AbsDimension x="20" y="-25"/>
						</Offset>
					</Anchor>
				</Anchors>
				<Scripts>
					<OnValueChanged>
						_G[self:GetName().."Text"]:SetText(_G[self:GetName()]:GetValue());
						Perl_Config_Party_Pet_Set_Buffs(_G[self:GetName()]:GetValue());
					</OnValueChanged>
				</Scripts>
			</Slider>

			<Slider name="$parent_Slider4" inherits="OptionsSliderTemplate" minValue="0" maxValue="16" valueStep="1">
				<Size>
					<AbsDimension x="150" y="15"/>
				</Size>
				<Anchors>
					<Anchor point="TOPLEFT" relativePoint="TOPLEFT" relativeTo="$parent_Debuff_Text">
						<Offset>
							<AbsDimension x="20" y="-25"/>
						</Offset>
					</Anchor>
				</Anchors>
				<Scripts>
					<OnValueChanged>
						_G[self:GetName().."Text"]:SetText(_G[self:GetName()]:GetValue());
						Perl_Config_Party_Pet_Set_Debuffs(_G[self:GetName()]:GetValue());
					</OnValueChanged>
				</Scripts>
			</Slider>

			<Slider name="$parent_Slider5" inherits="OptionsSliderTemplate" minValue="1" maxValue="50" valueStep="1">
				<Size>
					<AbsDimension x="150" y="15"/>
				</Size>
				<Anchors>
					<Anchor point="TOPLEFT" relativePoint="TOPLEFT" relativeTo="$parent_Buff_Size_Text">
						<Offset>
							<AbsDimension x="20" y="-25"/>
						</Offset>
					</Anchor>
				</Anchors>
				<Scripts>
					<OnValueChanged>
						_G[self:GetName().."Text"]:SetText(_G[self:GetName()]:GetValue());
						Perl_Config_Party_Pet_Set_Buff_Size(_G[self:GetName()]:GetValue());
					</OnValueChanged>
				</Scripts>
			</Slider>

			<Slider name="$parent_Slider6" inherits="OptionsSliderTemplate" minValue="1" maxValue="50" valueStep="1">
				<Size>
					<AbsDimension x="150" y="15"/>
				</Size>
				<Anchors>
					<Anchor point="TOPLEFT" relativePoint="TOPLEFT" relativeTo="$parent_Debuff_Size_Text">
						<Offset>
							<AbsDimension x="20" y="-25"/>
						</Offset>
					</Anchor>
				</Anchors>
				<Scripts>
					<OnValueChanged>
						_G[self:GetName().."Text"]:SetText(_G[self:GetName()]:GetValue());
						Perl_Config_Party_Pet_Set_Debuff_Size(_G[self:GetName()]:GetValue());
					</OnValueChanged>
				</Scripts>
			</Slider>

			<Slider name="$parent_Slider7" inherits="OptionsSliderTemplate" minValue="1" maxValue="7" valueStep="1">
				<Size>
					<AbsDimension x="150" y="15"/>
				</Size>
				<Anchors>
					<Anchor point="TOPLEFT" relativePoint="TOPLEFT" relativeTo="$parent_Buff_Location_Text">
						<Offset>
							<AbsDimension x="20" y="-25"/>
						</Offset>
					</Anchor>
				</Anchors>
				<Scripts>
					<OnValueChanged>
						_G[self:GetName().."Text"]:SetText(_G[self:GetName()]:GetValue());
						Perl_Config_Party_Pet_Set_Buff_Location(_G[self:GetName()]:GetValue());
					</OnValueChanged>
				</Scripts>
			</Slider>

			<Slider name="$parent_Slider8" inherits="OptionsSliderTemplate" minValue="1" maxValue="7" valueStep="1">
				<Size>
					<AbsDimension x="150" y="15"/>
				</Size>
				<Anchors>
					<Anchor point="TOPLEFT" relativePoint="TOPLEFT" relativeTo="$parent_Debuff_Location_Text">
						<Offset>
							<AbsDimension x="20" y="-25"/>
						</Offset>
					</Anchor>
				</Anchors>
				<Scripts>
					<OnValueChanged>
						_G[self:GetName().."Text"]:SetText(_G[self:GetName()]:GetValue());
						Perl_Config_Party_Pet_Set_Debuff_Location(_G[self:GetName()]:GetValue());
					</OnValueChanged>
				</Scripts>
			</Slider>

			<Button name="$parent_Button1" inherits="UIPanelButtonTemplate" text="PERL_LOCALIZED_CONFIG_RESET_FRAMES">
				<Size>
					<AbsDimension x="170" y="22"/>
				</Size>
				<Anchors>
					<Anchor point="TOPLEFT" relativePoint="TOPLEFT" relativeTo="$parent_Misc_Text">
						<Offset>
							<AbsDimension x="175" y="-50"/>
						</Offset>
					</Anchor>
				</Anchors>
				<Scripts>
					<OnClick>
						Perl_Party_Pet_Allign();
						DEFAULT_CHAT_FRAME:AddMessage(PERL_LOCALIZED_CONFIG_PARTYPET_RESET_FRAMES_OUTPUT);
					</OnClick>
				</Scripts>
			</Button>

			<CheckButton name="$parent_CheckButton6" inherits="UICheckButtonTemplate" id="6">
				<Size>
					<AbsDimension x="20" y="20"/>
				</Size>
				<Anchors>
					<Anchor point="TOPLEFT" relativePoint="TOPLEFT" relativeTo="$parent_Misc_Text">
						<Offset>
							<AbsDimension x="20" y="-20"/>
						</Offset>
					</Anchor>
				</Anchors>
				<Scripts>
					<OnLoad>
						_G[self:GetName().."Text"]:SetText(PERL_LOCALIZED_CONFIG_PARTYPET_ENABLE);
					</OnLoad>
					<OnClick>
						Perl_Config_Party_Pet_Enabled_Update();
					</OnClick>
				</Scripts>
			</CheckButton>

			<CheckButton name="$parent_CheckButton5" inherits="UICheckButtonTemplate" id="5">
				<Size>
					<AbsDimension x="20" y="20"/>
				</Size>
				<Anchors>
					<Anchor point="TOPLEFT" relativePoint="TOPLEFT" relativeTo="$parent_CheckButton6">
						<Offset>
							<AbsDimension x="0" y="-20"/>
						</Offset>
					</Anchor>
				</Anchors>
				<Scripts>
					<OnLoad>
						_G[self:GetName().."Text"]:SetText(PERL_LOCALIZED_CONFIG_HIDDEN_IN_RAID);
					</OnLoad>
					<OnClick>
						Perl_Config_Party_Pet_Hidden_Update();
					</OnClick>
				</Scripts>
			</CheckButton>

			<CheckButton name="$parent_CheckButton2" inherits="UICheckButtonTemplate" id="2">
				<Size>
					<AbsDimension x="20" y="20"/>
				</Size>
				<Anchors>
					<Anchor point="TOPLEFT" relativePoint="TOPLEFT" relativeTo="$parent_CheckButton5">
						<Offset>
							<AbsDimension x="0" y="-20"/>
						</Offset>
					</Anchor>
				</Anchors>
				<Scripts>
					<OnLoad>
						_G[self:GetName().."Text"]:SetText(PERL_LOCALIZED_CONFIG_PORTRAITS);
					</OnLoad>
					<OnClick>
						Perl_Config_Party_Pet_Portrait_Update();
					</OnClick>
				</Scripts>
			</CheckButton>

			<CheckButton name="$parent_CheckButton3" inherits="UICheckButtonTemplate" id="3">
				<Size>
					<AbsDimension x="20" y="20"/>
				</Size>
				<Anchors>
					<Anchor point="TOPLEFT" relativePoint="TOPLEFT" relativeTo="$parent_CheckButton2">
						<Offset>
							<AbsDimension x="20" y="-20"/>
						</Offset>
					</Anchor>
				</Anchors>
				<Scripts>
					<OnLoad>
						_G[self:GetName().."Text"]:SetText(PERL_LOCALIZED_CONFIG_THREED_PORTRAITS);
					</OnLoad>
					<OnClick>
						Perl_Config_Party_Pet_3D_Portrait_Update();
					</OnClick>
				</Scripts>
			</CheckButton>

			<CheckButton name="$parent_CheckButton7" inherits="UICheckButtonTemplate" id="7">
				<Size>
					<AbsDimension x="20" y="20"/>
				</Size>
				<Anchors>
					<Anchor point="TOPLEFT" relativePoint="TOPLEFT" relativeTo="$parent_CheckButton3">
						<Offset>
							<AbsDimension x="-20" y="-20"/>
						</Offset>
					</Anchor>
				</Anchors>
				<Scripts>
					<OnLoad>
						_G[self:GetName().."Text"]:SetText(PERL_LOCALIZED_CONFIG_CLASS_BUFF);
					</OnLoad>
					<OnClick>
						Perl_Config_Party_Pet_Class_Buffs_Update();
					</OnClick>
				</Scripts>
			</CheckButton>

			<CheckButton name="$parent_CheckButton8" inherits="UICheckButtonTemplate" id="8">
				<Size>
					<AbsDimension x="20" y="20"/>
				</Size>
				<Anchors>
					<Anchor point="TOPLEFT" relativePoint="TOPLEFT" relativeTo="$parent_CheckButton7">
						<Offset>
							<AbsDimension x="0" y="-20"/>
						</Offset>
					</Anchor>
				</Anchors>
				<Scripts>
					<OnLoad>
						_G[self:GetName().."Text"]:SetText(PERL_LOCALIZED_CONFIG_CLASS_DEBUFF);
					</OnLoad>
					<OnClick>
						Perl_Config_Party_Pet_Curable_Debuffs_Update();
					</OnClick>
				</Scripts>
			</CheckButton>

			<CheckButton name="$parent_CheckButton4" inherits="UICheckButtonTemplate" id="4">
				<Size>
					<AbsDimension x="20" y="20"/>
				</Size>
				<Anchors>
					<Anchor point="TOPLEFT" relativePoint="TOPLEFT" relativeTo="$parent_CheckButton8">
						<Offset>
							<AbsDimension x="0" y="-20"/>
						</Offset>
					</Anchor>
				</Anchors>
				<Scripts>
					<OnLoad>
						_G[self:GetName().."Text"]:SetText(PERL_LOCALIZED_CONFIG_PARTYPET_LOCK);
					</OnLoad>
					<OnClick>
						Perl_Config_Party_Pet_Lock_Update();
					</OnClick>
				</Scripts>
			</CheckButton>
		</Frames>

	</Frame>
</Ui>
