<Ui xmlns="http://www.blizzard.com/wow/ui/" xmlns:xsi="http://www.w3.org/2001/XMLSchema-instance"
xsi:schemaLocation="http://www.blizzard.com/wow/ui/
..\FrameXML\UI.xsd">
<Script file="init.lua"/>
<Script file="TidyPlatesExtensions.lua"/>
<Script file="AuraWidget.lua"/>
<Script file="ArenaWidget.lua"/>
<Script file="ClassIconWidget.lua"/>
<Script file="ComboPointWidget.lua"/>
<!--<Script file="EliteArtOverlayWidget.lua"/>-->
<Script file="SocialWidget.lua"/>
<Script file="TargetArtWidget.lua"/>
<Script file="ThreatWidget.lua"/>
<Script file="TotemIconWidget.lua"/>
<Script file="UniqueIconWidget.lua"/>
<Script file="QuestWidget.lua"/>
<Script file="StealthWidget.lua"/>
<Script file="ResourceWidget.lua"/>
<Script file="BossModsWidget.lua"/>

<!-- Just for testing -->
<!--<Script file="TestWidget.lua"/>-->

<!-- <Script file="HealerTrackerWidget.lua"/> -->
</Ui>
