<Ui xmlns="http://www.blizzard.com/wow/ui/" xmlns:xsi="http://www.w3.org/2001/XMLSchema-instance" xsi:schemaLocation="http://www.blizzard.com/wow/ui/
..\FrameXML\UI.xsd">
	<Script file="Perl_Player_Pet.lua"/>


	<!-- Virtual buffs template -->
	<Button name="Perl_Player_Pet_BuffTemplate" virtual="true">
		<Size>
			<AbsDimension x="12" y="12"/>
		</Size>
		<Layers>
			<Layer level="ARTWORK">
				<Texture name="$parentIcon">
					<Size>
						<AbsDimension x="12" y="12"/>
					</Size>
					<Anchors>
						<Anchor point="TOPLEFT">
							<Offset>
								<AbsDimension x="0" y="0"/>
							</Offset>
						</Anchor>
					</Anchors>
				</Texture>
			</Layer>
			<Layer level="OVERLAY">
				<Texture name="$parentDebuffBorder" file="Interface\Buttons\UI-Debuff-Overlays" hidden="true">
					<Size>
						<AbsDimension x="12" y="12"/>
					</Size>
					<Anchors>
						<Anchor point="TOPLEFT">
							<Offset>
								<AbsDimension x="0" y="0"/>
							</Offset>
						</Anchor>
					</Anchors>
					<TexCoords left="0.296875" right="0.5703125" top="0" bottom="0.515625"/>
				</Texture>
				<FontString name="$parentCount" inherits="NumberFontNormalSmall">
					<Anchors>
						<Anchor point="BOTTOMRIGHT">
							<Offset>
								<AbsDimension x="-1" y="0"/>
							</Offset>
						</Anchor>
					</Anchors>
				</FontString>
			</Layer>
		</Layers>
		<Scripts>
			<OnEnter>
				Perl_Player_Pet_SetBuffTooltip(self);
			</OnEnter>
			<OnLeave>
				GameTooltip:Hide();
			</OnLeave>
		</Scripts>
	</Button>


	<!-- Pet Frame -->
	<Frame name="Perl_Player_Pet_Frame" frameStrata="LOW" toplevel="true" movable="true" parent="UIParent" hidden="true" enableMouse="true">
		<Size>
			<!-- The size of this frame determines what can be clicked for the menu and moving, hence it is the same size as the name frame. (This is no longer true in 0.48) -->
			<AbsDimension x="170" y="24"/>
		</Size>
		<Anchors>
			<Anchor point="TOPLEFT">
				<Offset>
					<AbsDimension x="30" y="-117"/>
				</Offset>
			</Anchor>
		</Anchors>

		<!-- Script Events -->
		<Scripts>
			<OnLoad>
				Perl_Player_Pet_OnLoad(self);
			</OnLoad>
		</Scripts>

		<Frames>
			<!-- Target Name -->
			<Frame name="Perl_Player_Pet_NameFrame">
				<Size>
					<AbsDimension x="170" y="24"/>
				</Size>
				<Anchors>
					<Anchor point="TOPLEFT">
						<Offset>
							<AbsDimension x="0" y="0"/>
						</Offset>
					</Anchor>
				</Anchors>
				<Frames>
					<Button name="Perl_Player_Pet_NameFrame_CastClickOverlay" inherits="SecureUnitButtonTemplate">
						<Size>
							<AbsDimension x="170" y="24"/>
						</Size>
						<Anchors>
							<Anchor point="TOPLEFT">
								<Offset>
									<AbsDimension x="0" y="0"/>
								</Offset>
							</Anchor>
						</Anchors>
						<Scripts>
							<OnLoad>
								self:RegisterForClicks("AnyUp");
								self:RegisterForDrag("LeftButton");
								Perl_Player_Pet_CastClickOverlay_OnLoad(self);
							</OnLoad>
							<OnDragStart>
								Perl_Player_Pet_DragStart(button);
							</OnDragStart>
							<OnDragStop>
								Perl_Player_Pet_DragStop();
							</OnDragStop>
						</Scripts>
					</Button>
				</Frames>
				<Backdrop bgFile="Interface\AddOns\Perl_Config\Perl_Black" edgeFile="Interface\Tooltips\UI-Tooltip-Border" tile="true">
					<EdgeSize>
						<AbsValue val="16"/>
					</EdgeSize>
					<TileSize>
						<AbsValue val="16"/>
					</TileSize>
					<BackgroundInsets>
						<AbsInset left="5" right="5" top="5" bottom="5"/>
					</BackgroundInsets>
				</Backdrop>
				<Layers>
					<Layer level="OVERLAY">
						<Fontstring name="Perl_Player_Pet_NameBarText" inherits="GameFontNormalSmall" text="Error!">
							<Anchors>
								<Anchor point="CENTER">
									<Offset>
										<AbsDimension x="8" y="0"/>
									</Offset>
								</Anchor>
							</Anchors>
						</Fontstring>
						<Fontstring name="Perl_Player_Pet_LevelBarText" inherits="GameFontNormalSmall" text="Error!">
							<Anchors>
								<Anchor point="LEFT">
									<Offset>
										<AbsDimension x="6" y="0"/>
									</Offset>
								</Anchor>
							</Anchors>
						</Fontstring>

						<!-- Threat Icon -->
						<Texture name="Perl_Player_Pet_ThreatIndicator" file="Interface\AddOns\Perl_Config\Perl_StatusBar6" hidden="true">
							<Size>
								<AbsDimension x="16" y="16"/>
							</Size>
							<Anchors>
								<Anchor point="TOPRIGHT" relativePoint="TOPRIGHT">
									<Offset>
										<AbsDimension x="-5" y="-4"/>
									</Offset>
								</Anchor>
							</Anchors>
							<TexCoords left="0.75" right="0.875" top="0.5" bottom="1.0"/>
						</Texture>
					</Layer>
				</Layers>
			</Frame>


			<!-- Portrait Frame -->
			<Frame name="Perl_Player_Pet_PortraitFrame">
				<Size>
					<AbsDimension x="56" y="56"/>
				</Size>
				<Anchors>
					<Anchor point="TOPRIGHT" relativePoint="TOPLEFT" relativeTo="Perl_Player_Pet_Frame">
						<Offset>
							<AbsDimension x="2" y="0"/>
						</Offset>
					</Anchor>
				</Anchors>
				<Backdrop bgFile="Interface\AddOns\Perl_Config\Perl_Black" edgeFile="Interface\Tooltips\UI-Tooltip-Border" tile="true">
					<EdgeSize>
						<AbsValue val="16"/>
					</EdgeSize>
					<TileSize>
						<AbsValue val="16"/>
					</TileSize>
					<BackgroundInsets>
						<AbsInset left="5" right="5" top="5" bottom="5"/>
					</BackgroundInsets>
				</Backdrop>
				<Frames>
					<Button name="Perl_Player_Pet_PortraitFrame_CastClickOverlay" inherits="SecureUnitButtonTemplate">
						<Size>
							<AbsDimension x="56" y="56"/>
						</Size>
						<Anchors>
							<Anchor point="TOPLEFT">
								<Offset>
									<AbsDimension x="0" y="0"/>
								</Offset>
							</Anchor>
						</Anchors>
						<Scripts>
							<OnLoad>
								self:RegisterForClicks("AnyUp");
								self:RegisterForDrag("LeftButton");
								Perl_Player_Pet_CastClickOverlay_OnLoad(self);
							</OnLoad>
							<OnDragStart>
								Perl_Player_Pet_DragStart(button);
							</OnDragStart>
							<OnDragStop>
								Perl_Player_Pet_DragStop();
							</OnDragStop>
						</Scripts>
					</Button>
					<PlayerModel name="$parent_PetModel" hidden="true">
						<Size>
							<AbsDimension x="45" y="45"/>
						</Size>
						<Anchors>
							<Anchor point="CENTER">
								<Offset>
									<AbsDimension x="1" y="-1"/>
								</Offset>
							</Anchor>
						</Anchors>
						<Scripts>
							<OnUpdate>
								self:SetPortraitZoom(1);
							</OnUpdate>
						</Scripts>
					</PlayerModel>
				</Frames>
				<Layers>
					<!-- Portrait -->
					<Layer level="ARTWORK">
						<Texture name="Perl_Player_Pet_Portrait">
							<Size>
								<AbsDimension x="43" y="43"/>
							</Size>
							<Anchors>
								<Anchor point="TOP" relativePoint="TOP" relativeTo="Perl_Player_Pet_PortraitFrame">
									<Offset>
										<AbsDimension x="0" y="-6"/>
									</Offset>
								</Anchor>
							</Anchors>
						</Texture>
					</Layer>
				</Layers>
			</Frame>


			<!-- Portrait Text Frame -->
			<Frame name="Perl_Player_Pet_PortraitTextFrame">
				<Size>
					<AbsDimension x="56" y="56"/>
				</Size>
				<Anchors>
					<Anchor point="TOPLEFT" relativePoint="TOPRIGHT" relativeTo="Perl_Player_Pet_PortraitFrame">
						<Offset>
							<AbsDimension x="0" y="0"/>
						</Offset>
					</Anchor>
				</Anchors>
				<Layers>
					<Layer level="OVERLAY">
						<Fontstring name="Perl_Player_Pet_HitIndicator" inherits="NumberFontNormalHuge" hidden="true" text="Error!">
							<FontHeight>
								<AbsValue val="30"/>
							</FontHeight>
							<Color r="1.0" g="1.0" b="1.0"/>
							<Anchors>
								<Anchor point="CENTER" relativePoint="CENTER" relativeTo="Perl_Player_Pet_PortraitFrame">
									<Offset>
										<AbsDimension x="0" y="0"/>
									</Offset>
								</Anchor>
							</Anchors>
						</Fontstring>
					</Layer>
				</Layers>
			</Frame>


			<!-- Level Frame -->
			<Frame name="Perl_Player_Pet_LevelFrame">
				<Size>
					<AbsDimension x="30" y="34"/>
				</Size>
				<Anchors>
					<Anchor point="TOPLEFT" relativePoint="BOTTOMLEFT" relativeTo="Perl_Player_Pet_NameFrame">
						<Offset>
							<AbsDimension x="0" y="2"/>
						</Offset>
					</Anchor>
				</Anchors>
				<Backdrop bgFile="Interface\AddOns\Perl_Config\Perl_Black" edgeFile="Interface\Tooltips\UI-Tooltip-Border" tile="true">
					<EdgeSize>
						<AbsValue val="16"/>
					</EdgeSize>
					<TileSize>
						<AbsValue val="16"/>
					</TileSize>
					<BackgroundInsets>
						<AbsInset left="5" right="5" top="5" bottom="5"/>
					</BackgroundInsets>
				</Backdrop>
				<Frames>
					<Frame name="Perl_Player_PetHappiness">
						<Size>
							<AbsDimension x="24" y="23"/>
						</Size>
						<Anchors>
							<Anchor point="TOP">
								<Offset>
									<AbsDimension x="0" y="-5"/>
								</Offset>
							</Anchor>
						</Anchors>
						<Layers>
							<Layer level="BACKGROUND">
								<Texture name="Perl_Player_PetHappinessTexture" file="Interface\PetPaperDollFrame\UI-PetHappiness" setAllPoints="true">
									<Size>
										<AbsDimension x="24" y="23"/>
									</Size>
									<TexCoords left="0" right="0.1875" top="0" bottom="0.359375"/>
								</Texture>
							</Layer>
						</Layers>
					</Frame>
					<Button name="Perl_Player_Pet_LevelFrame_CastClickOverlay" inherits="SecureUnitButtonTemplate">
						<Size>
							<AbsDimension x="30" y="34"/>
						</Size>
						<Anchors>
							<Anchor point="TOPLEFT">
								<Offset>
									<AbsDimension x="0" y="0"/>
								</Offset>
							</Anchor>
						</Anchors>
						<Scripts>
							<OnLoad>
								self:RegisterForClicks("AnyUp");
								self:RegisterForDrag("LeftButton");
								Perl_Player_Pet_CastClickOverlay_OnLoad(self);
							</OnLoad>
							<OnDragStart>
								Perl_Player_Pet_DragStart(button);
							</OnDragStart>
							<OnDragStop>
								Perl_Player_Pet_DragStop();
							</OnDragStop>
						</Scripts>
					</Button>
				</Frames>
			</Frame>


			<!-- Target Stats -->
			<Frame name="Perl_Player_Pet_StatsFrame">
				<Size>
					<AbsDimension x="145" y="34"/>
				</Size>
				<Anchors>
					<Anchor point="TOPLEFT" relativePoint="BOTTOMLEFT" relativeTo="Perl_Player_Pet_NameFrame">
						<Offset>
							<AbsDimension x="25" y="2"/>
						</Offset>
					</Anchor>
				</Anchors>
				<Backdrop bgFile="Interface\AddOns\Perl_Config\Perl_Black" edgeFile="Interface\Tooltips\UI-Tooltip-Border" tile="true">
					<EdgeSize>
						<AbsValue val="16"/>
					</EdgeSize>
					<TileSize>
						<AbsValue val="16"/>
					</TileSize>
					<BackgroundInsets>
						<AbsInset left="5" right="5" top="5" bottom="5"/>
					</BackgroundInsets>
				</Backdrop>
				<Frames>
					<Button name="Perl_Player_Pet_StatsFrame_CastClickOverlay" inherits="SecureUnitButtonTemplate">
						<Size>
							<AbsDimension x="145" y="34"/>
						</Size>
						<Anchors>
							<Anchor point="TOPLEFT">
								<Offset>
									<AbsDimension x="0" y="0"/>
								</Offset>
							</Anchor>
						</Anchors>
						<Scripts>
							<OnLoad>
								self:RegisterForClicks("AnyUp");
								self:RegisterForDrag("LeftButton");
								Perl_Player_Pet_CastClickOverlay_OnLoad(self);
							</OnLoad>
							<OnDragStart>
								Perl_Player_Pet_DragStart(button);
							</OnDragStart>
							<OnDragStop>
								Perl_Player_Pet_DragStop();
							</OnDragStop>
						</Scripts>
					</Button>

					<!-- Health Bar -->
					<StatusBar name="Perl_Player_Pet_HealthBar">
						<Size>
							<AbsDimension x="133" y="10"/>
						</Size>
						<Anchors>
							<Anchor point="TOP" relativePoint="TOP">
								<Offset>
									<AbsDimension x="0" y="-6"/>
								</Offset>
							</Anchor>
						</Anchors>
						<BarTexture name="Perl_Player_Pet_HealthBarTex" file="Interface\TargetingFrame\UI-StatusBar"/>
						<BarColor r="0" g="0.8" b="0"/>
						<Layers>
							<!-- Health Text -->
							<Layer level="OVERLAY">
								<Fontstring name="Perl_Player_Pet_HealthBarText" inherits="GameFontNormalSmall" text="Error!">
									<Anchors>
										<Anchor point="TOP" relativePoint="TOP">
											<Offset>
												<AbsDimension x="0" y="1"/>
											</Offset>
										</Anchor>
									</Anchors>
								</Fontstring>
							</Layer>
						</Layers>
					</StatusBar>
					<StatusBar name="Perl_Player_Pet_HealthBarFadeBar" hidden="true">
						<Size>
							<AbsDimension x="133" y="10"/>
						</Size>
						<Anchors>
							<Anchor point="TOP" relativePoint="TOP" relativeTo="Perl_Player_Pet_HealthBar">
								<Offset>
									<AbsDimension x="0" y="0"/>
								</Offset>
							</Anchor>
						</Anchors>
						<BarTexture name="Perl_Player_Pet_HealthBarFadeBarTex" file="Interface\TargetingFrame\UI-StatusBar"/>
						<BarColor r="0" g="0.8" b="0" a="0.25"/>
					</StatusBar>
					<StatusBar name="Perl_Player_Pet_HealthBarBG">
						<Size>
							<AbsDimension x="133" y="10"/>
						</Size>
						<Anchors>
							<Anchor point="TOP" relativePoint="TOP" relativeTo="Perl_Player_Pet_HealthBar">
								<Offset>
									<AbsDimension x="0" y="0"/>
								</Offset>
							</Anchor>
						</Anchors>
						<BarTexture name="Perl_Player_Pet_HealthBarBGTex" file="Interface\TargetingFrame\UI-TargetingFrame-BarFill"/>
						<BarColor r="0" g="0.8" b="0" a="0.25"/>
					</StatusBar>

					<!-- Mana Bar -->
					<StatusBar name="Perl_Player_Pet_ManaBar">
						<Size>
							<AbsDimension x="133" y="10"/>
						</Size>
						<Anchors>
							<Anchor point="TOP" relativePoint="BOTTOM" relativeTo="Perl_Player_Pet_HealthBar">
								<Offset>
									<AbsDimension x="0" y="-2"/>
								</Offset>
							</Anchor>
						</Anchors>
						<BarTexture name="Perl_Player_Pet_ManaBarTex" file="Interface\TargetingFrame\UI-StatusBar"/>
						<BarColor r="0" g="0" b="1"/>
						<Layers>
							<!-- Mana Text -->
							<Layer level="OVERLAY">
								<Fontstring name="Perl_Player_Pet_ManaBarText" inherits="GameFontNormalSmall" text="Error!">
									<Anchors>
										<Anchor point="TOP" relativePoint="TOP">
											<Offset>
												<AbsDimension x="0" y="0"/>
											</Offset>
										</Anchor>
									</Anchors>
								</Fontstring>
							</Layer>
						</Layers>
					</StatusBar>
					<StatusBar name="Perl_Player_Pet_ManaBarFadeBar" hidden="true">
						<Size>
							<AbsDimension x="133" y="10"/>
						</Size>
						<Anchors>
							<Anchor point="TOP" relativePoint="TOP" relativeTo="Perl_Player_Pet_ManaBar">
								<Offset>
									<AbsDimension x="0" y="0"/>
								</Offset>
							</Anchor>
						</Anchors>
						<BarTexture name="Perl_Player_Pet_ManaBarFadeBarTex" file="Interface\TargetingFrame\UI-StatusBar"/>
						<BarColor r="0" g="0.8" b="0" a="0.25"/>
					</StatusBar>
					<StatusBar name="Perl_Player_Pet_ManaBarBG">
						<Size>
							<AbsDimension x="133" y="10"/>
						</Size>
						<Anchors>
							<Anchor point="TOP" relativePoint="TOP" relativeTo="Perl_Player_Pet_ManaBar">
								<Offset>
									<AbsDimension x="0" y="0"/>
								</Offset>
							</Anchor>
						</Anchors>
						<BarTexture name="Perl_Player_Pet_ManaBarBGTex" file="Interface\TargetingFrame\UI-TargetingFrame-BarFill"/>
						<BarColor r="0" g="0" b="1" a="0.25"/>
					</StatusBar>

					<!-- XP Bar -->
					<StatusBar name="Perl_Player_Pet_XPBar">
						<Size>
							<AbsDimension x="133" y="10"/>
						</Size>
						<Anchors>
							<Anchor point="TOP" relativePoint="BOTTOM" relativeTo="Perl_Player_Pet_ManaBar">
								<Offset>
									<AbsDimension x="0" y="-2"/>
								</Offset>
							</Anchor>
						</Anchors>
						<BarTexture name="Perl_Player_Pet_XPBarTex" file="Interface\TargetingFrame\UI-StatusBar"/>
						<BarColor r="0.6" g="0" b="0.6"/>
						<Layers>
							<!-- XP Text -->
							<Layer level="OVERLAY">
								<Fontstring name="Perl_Player_Pet_XPBarText" inherits="GameFontNormalSmall" text="Error!">
									<Anchors>
										<Anchor point="TOP" relativePoint="TOP">
											<Offset>
												<AbsDimension x="0" y="0"/>
											</Offset>
										</Anchor>
									</Anchors>
								</Fontstring>
							</Layer>
						</Layers>
					</StatusBar>
					<StatusBar name="Perl_Player_Pet_XPBarBG">
						<Size>
							<AbsDimension x="133" y="10"/>
						</Size>
						<Anchors>
							<Anchor point="TOP" relativePoint="TOP" relativeTo="Perl_Player_Pet_XPBar">
								<Offset>
									<AbsDimension x="0" y="0"/>
								</Offset>
							</Anchor>
						</Anchors>
						<BarTexture name="Perl_Player_Pet_XPBarBGTex" file="Interface\TargetingFrame\UI-TargetingFrame-BarFill"/>
						<BarColor r="0.6" g="0" b="0.6" a="0.25"/>
					</StatusBar>
				</Frames>
			</Frame>


			<!-- Buffs Frame -->
			<Frame name="Perl_Player_Pet_BuffFrame" frameStrata="BACKGROUND">
				<Size>
					<AbsDimension x="100" y="22"/>
				</Size>
				<Anchors>
					<Anchor point="TOPLEFT" relativePoint="TOPRIGHT" relativeTo="Perl_Player_Pet_StatsFrame">
						<Offset>
							<AbsDimension x="-5" y="1"/>
						</Offset>
					</Anchor>
				</Anchors>
				<Frames>
					<!-- Start buttons -->
					<Button name="Perl_Player_Pet_Buff1" inherits="Perl_Player_Pet_BuffTemplate" id="1">
						<Anchors>
							<Anchor point="TOPLEFT">
								<Offset>
									<AbsDimension x="5" y="-5"/>
								</Offset>
							</Anchor>
						</Anchors>
					</Button>

					<Button name="Perl_Player_Pet_Buff2" inherits="Perl_Player_Pet_BuffTemplate" id="2">
						<Anchors>
							<Anchor point="TOPLEFT" relativeTo="Perl_Player_Pet_Buff1" relativePoint="TOPRIGHT">
								<Offset>
									<AbsDimension x="5" y="0"/>
								</Offset>
							</Anchor>
						</Anchors>
					</Button>

					<Button name="Perl_Player_Pet_Buff3" inherits="Perl_Player_Pet_BuffTemplate" id="3">
						<Anchors>
							<Anchor point="TOPLEFT" relativeTo="Perl_Player_Pet_Buff2" relativePoint="TOPRIGHT">
								<Offset>
									<AbsDimension x="5" y="0"/>
								</Offset>
							</Anchor>
						</Anchors>
					</Button>

					<Button name="Perl_Player_Pet_Buff4" inherits="Perl_Player_Pet_BuffTemplate" id="4">
						<Anchors>
							<Anchor point="TOPLEFT" relativeTo="Perl_Player_Pet_Buff3" relativePoint="TOPRIGHT">
								<Offset>
									<AbsDimension x="5" y="0"/>
								</Offset>
							</Anchor>
						</Anchors>
					</Button>

					<Button name="Perl_Player_Pet_Buff5" inherits="Perl_Player_Pet_BuffTemplate" id="5">
						<Anchors>
							<Anchor point="TOPLEFT" relativeTo="Perl_Player_Pet_Buff4" relativePoint="TOPRIGHT">
								<Offset>
									<AbsDimension x="5" y="0"/>
								</Offset>
							</Anchor>
						</Anchors>
					</Button>

					<Button name="Perl_Player_Pet_Buff6" inherits="Perl_Player_Pet_BuffTemplate" id="6">
						<Anchors>
							<Anchor point="TOPLEFT" relativeTo="Perl_Player_Pet_Buff5" relativePoint="TOPRIGHT">
								<Offset>
									<AbsDimension x="5" y="0"/>
								</Offset>
							</Anchor>
						</Anchors>
					</Button>

					<Button name="Perl_Player_Pet_Buff7" inherits="Perl_Player_Pet_BuffTemplate" id="7">
						<Anchors>
							<Anchor point="TOPLEFT" relativeTo="Perl_Player_Pet_Buff6" relativePoint="TOPRIGHT">
								<Offset>
									<AbsDimension x="5" y="0"/>
								</Offset>
							</Anchor>
						</Anchors>
					</Button>

					<Button name="Perl_Player_Pet_Buff8" inherits="Perl_Player_Pet_BuffTemplate" id="8">
						<Anchors>
							<Anchor point="TOPLEFT" relativeTo="Perl_Player_Pet_Buff7" relativePoint="TOPRIGHT">
								<Offset>
									<AbsDimension x="5" y="0"/>
								</Offset>
							</Anchor>
						</Anchors>
					</Button>

					<Button name="Perl_Player_Pet_Buff9" inherits="Perl_Player_Pet_BuffTemplate" id="9">
						<Anchors>
							<Anchor point="TOPLEFT" relativeTo="Perl_Player_Pet_Buff8" relativePoint="TOPRIGHT">
								<Offset>
									<AbsDimension x="5" y="0"/>
								</Offset>
							</Anchor>
						</Anchors>
					</Button>

					<Button name="Perl_Player_Pet_Buff10" inherits="Perl_Player_Pet_BuffTemplate" id="10">
						<Anchors>
							<Anchor point="TOPLEFT" relativeTo="Perl_Player_Pet_Buff9" relativePoint="TOPRIGHT">
								<Offset>
									<AbsDimension x="5" y="0"/>
								</Offset>
							</Anchor>
						</Anchors>
					</Button>

					<Button name="Perl_Player_Pet_Buff11" inherits="Perl_Player_Pet_BuffTemplate" id="11">
						<Anchors>
							<Anchor point="TOPLEFT" relativeTo="Perl_Player_Pet_Buff10" relativePoint="TOPRIGHT">
								<Offset>
									<AbsDimension x="5" y="0"/>
								</Offset>
							</Anchor>
						</Anchors>
					</Button>

					<Button name="Perl_Player_Pet_Buff12" inherits="Perl_Player_Pet_BuffTemplate" id="12">
						<Anchors>
							<Anchor point="TOPLEFT" relativeTo="Perl_Player_Pet_Buff11" relativePoint="TOPRIGHT">
								<Offset>
									<AbsDimension x="5" y="0"/>
								</Offset>
							</Anchor>
						</Anchors>
					</Button>

					<Button name="Perl_Player_Pet_Buff13" inherits="Perl_Player_Pet_BuffTemplate" id="13">
						<Anchors>
							<Anchor point="TOPLEFT" relativeTo="Perl_Player_Pet_Buff12" relativePoint="TOPRIGHT">
								<Offset>
									<AbsDimension x="5" y="0"/>
								</Offset>
							</Anchor>
						</Anchors>
					</Button>

					<Button name="Perl_Player_Pet_Buff14" inherits="Perl_Player_Pet_BuffTemplate" id="14">
						<Anchors>
							<Anchor point="TOPLEFT" relativeTo="Perl_Player_Pet_Buff13" relativePoint="TOPRIGHT">
								<Offset>
									<AbsDimension x="5" y="0"/>
								</Offset>
							</Anchor>
						</Anchors>
					</Button>

					<Button name="Perl_Player_Pet_Buff15" inherits="Perl_Player_Pet_BuffTemplate" id="15">
						<Anchors>
							<Anchor point="TOPLEFT" relativeTo="Perl_Player_Pet_Buff14" relativePoint="TOPRIGHT">
								<Offset>
									<AbsDimension x="5" y="0"/>
								</Offset>
							</Anchor>
						</Anchors>
					</Button>

					<Button name="Perl_Player_Pet_Buff16" inherits="Perl_Player_Pet_BuffTemplate" id="16">
						<Anchors>
							<Anchor point="TOPLEFT" relativeTo="Perl_Player_Pet_Buff15" relativePoint="TOPRIGHT">
								<Offset>
									<AbsDimension x="5" y="0"/>
								</Offset>
							</Anchor>
						</Anchors>
					</Button>
					<!-- End buttons -->
				</Frames>
			</Frame>

			<!-- Debuffs Frame -->
			<Frame name="Perl_Player_Pet_DebuffFrame" frameStrata="BACKGROUND">
				<Size>
					<AbsDimension x="100" y="22"/>
				</Size>
				<Anchors>
					<Anchor point="BOTTOMLEFT" relativePoint="BOTTOMRIGHT" relativeTo="Perl_Player_Pet_StatsFrame">
						<Offset>
							<AbsDimension x="-5" y="-1"/>
						</Offset>
					</Anchor>
				</Anchors>
				<Frames>
					<!-- Start buttons -->
					<Button name="Perl_Player_Pet_Debuff1" inherits="Perl_Player_Pet_BuffTemplate" id="17">
						<Anchors>
							<Anchor point="TOPLEFT">
								<Offset>
									<AbsDimension x="5" y="-5"/>
								</Offset>
							</Anchor>
						</Anchors>
					</Button>

					<Button name="Perl_Player_Pet_Debuff2" inherits="Perl_Player_Pet_BuffTemplate" id="18">
						<Anchors>
							<Anchor point="TOPLEFT" relativeTo="Perl_Player_Pet_Debuff1" relativePoint="TOPRIGHT">
								<Offset>
									<AbsDimension x="5" y="0"/>
								</Offset>
							</Anchor>
						</Anchors>
					</Button>

					<Button name="Perl_Player_Pet_Debuff3" inherits="Perl_Player_Pet_BuffTemplate" id="19">
						<Anchors>
							<Anchor point="TOPLEFT" relativeTo="Perl_Player_Pet_Debuff2" relativePoint="TOPRIGHT">
								<Offset>
									<AbsDimension x="5" y="0"/>
								</Offset>
							</Anchor>
						</Anchors>
					</Button>
					
					<Button name="Perl_Player_Pet_Debuff4" inherits="Perl_Player_Pet_BuffTemplate" id="20">
						<Anchors>
							<Anchor point="TOPLEFT" relativeTo="Perl_Player_Pet_Debuff3" relativePoint="TOPRIGHT">
								<Offset>
									<AbsDimension x="5" y="0"/>
								</Offset>
							</Anchor>
						</Anchors>
					</Button>

					<Button name="Perl_Player_Pet_Debuff5" inherits="Perl_Player_Pet_BuffTemplate" id="21">
						<Anchors>
							<Anchor point="TOPLEFT" relativeTo="Perl_Player_Pet_Debuff4" relativePoint="TOPRIGHT">
								<Offset>
									<AbsDimension x="5" y="0"/>
								</Offset>
							</Anchor>
						</Anchors>
					</Button>

					<Button name="Perl_Player_Pet_Debuff6" inherits="Perl_Player_Pet_BuffTemplate" id="22">
						<Anchors>
							<Anchor point="TOPLEFT" relativeTo="Perl_Player_Pet_Debuff5" relativePoint="TOPRIGHT">
								<Offset>
									<AbsDimension x="5" y="0"/>
								</Offset>
							</Anchor>
						</Anchors>
					</Button>

					<Button name="Perl_Player_Pet_Debuff7" inherits="Perl_Player_Pet_BuffTemplate" id="23">
						<Anchors>
							<Anchor point="TOPLEFT" relativeTo="Perl_Player_Pet_Debuff6" relativePoint="TOPRIGHT">
								<Offset>
									<AbsDimension x="5" y="0"/>
								</Offset>
							</Anchor>
						</Anchors>
					</Button>

					<Button name="Perl_Player_Pet_Debuff8" inherits="Perl_Player_Pet_BuffTemplate" id="24">
						<Anchors>
							<Anchor point="TOPLEFT" relativeTo="Perl_Player_Pet_Debuff7" relativePoint="TOPRIGHT">
								<Offset>
									<AbsDimension x="5" y="0"/>
								</Offset>
							</Anchor>
						</Anchors>
					</Button>

					<Button name="Perl_Player_Pet_Debuff9" inherits="Perl_Player_Pet_BuffTemplate" id="25">
						<Anchors>
							<Anchor point="TOPLEFT" relativeTo="Perl_Player_Pet_Debuff8" relativePoint="TOPRIGHT">
								<Offset>
									<AbsDimension x="5" y="0"/>
								</Offset>
							</Anchor>
						</Anchors>
					</Button>

					<Button name="Perl_Player_Pet_Debuff10" inherits="Perl_Player_Pet_BuffTemplate" id="26">
						<Anchors>
							<Anchor point="TOPLEFT" relativeTo="Perl_Player_Pet_Debuff9" relativePoint="TOPRIGHT">
								<Offset>
									<AbsDimension x="5" y="0"/>
								</Offset>
							</Anchor>
						</Anchors>
					</Button>

					<Button name="Perl_Player_Pet_Debuff11" inherits="Perl_Player_Pet_BuffTemplate" id="27">
						<Anchors>
							<Anchor point="TOPLEFT" relativeTo="Perl_Player_Pet_Debuff10" relativePoint="TOPRIGHT">
								<Offset>
									<AbsDimension x="5" y="0"/>
								</Offset>
							</Anchor>
						</Anchors>
					</Button>

					<Button name="Perl_Player_Pet_Debuff12" inherits="Perl_Player_Pet_BuffTemplate" id="28">
						<Anchors>
							<Anchor point="TOPLEFT" relativeTo="Perl_Player_Pet_Debuff11" relativePoint="TOPRIGHT">
								<Offset>
									<AbsDimension x="5" y="0"/>
								</Offset>
							</Anchor>
						</Anchors>
					</Button>

					<Button name="Perl_Player_Pet_Debuff13" inherits="Perl_Player_Pet_BuffTemplate" id="29">
						<Anchors>
							<Anchor point="TOPLEFT" relativeTo="Perl_Player_Pet_Debuff12" relativePoint="TOPRIGHT">
								<Offset>
									<AbsDimension x="5" y="0"/>
								</Offset>
							</Anchor>
						</Anchors>
					</Button>

					<Button name="Perl_Player_Pet_Debuff14" inherits="Perl_Player_Pet_BuffTemplate" id="30">
						<Anchors>
							<Anchor point="TOPLEFT" relativeTo="Perl_Player_Pet_Debuff13" relativePoint="TOPRIGHT">
								<Offset>
									<AbsDimension x="5" y="0"/>
								</Offset>
							</Anchor>
						</Anchors>
					</Button>

					<Button name="Perl_Player_Pet_Debuff15" inherits="Perl_Player_Pet_BuffTemplate" id="31">
						<Anchors>
							<Anchor point="TOPLEFT" relativeTo="Perl_Player_Pet_Debuff14" relativePoint="TOPRIGHT">
								<Offset>
									<AbsDimension x="5" y="0"/>
								</Offset>
							</Anchor>
						</Anchors>
					</Button>

					<Button name="Perl_Player_Pet_Debuff16" inherits="Perl_Player_Pet_BuffTemplate" id="32">
						<Anchors>
							<Anchor point="TOPLEFT" relativeTo="Perl_Player_Pet_Debuff15" relativePoint="TOPRIGHT">
								<Offset>
									<AbsDimension x="5" y="0"/>
								</Offset>
							</Anchor>
						</Anchors>
					</Button>
					<!-- End buttons -->
				</Frames>
			</Frame>
		</Frames>
	</Frame>


	<!-- Pet Target Frame -->
	<Frame name="Perl_Player_Pet_Target_Frame" movable="true" parent="UIParent" hidden="true" enableMouse="true">
		<Size>
			<!-- The size of this frame determines what can be clicked for the menu and moving, hence it is the same size as the name frame. (This is no longer true in 0.48) -->
			<AbsDimension x="145" y="24"/>
		</Size>
		<Anchors>
			<Anchor point="TOPLEFT">
				<Offset>
					<AbsDimension x="198" y="-117"/>
				</Offset>
			</Anchor>
		</Anchors>

		<!-- Script Events -->
		<Scripts>
			<OnLoad>
				Perl_Player_Pet_Target_OnLoad(self);
			</OnLoad>
		</Scripts>

		<Frames>
			<!-- Target Name -->
			<Frame name="Perl_Player_Pet_Target_NameFrame">
				<Size>
					<AbsDimension x="145" y="24"/>
				</Size>
				<Anchors>
					<Anchor point="TOPLEFT">
						<Offset>
							<AbsDimension x="0" y="0"/>
						</Offset>
					</Anchor>
				</Anchors>
				<Frames>
					<Button name="Perl_Player_Pet_Target_NameFrame_CastClickOverlay" inherits="SecureUnitButtonTemplate">
						<Size>
							<AbsDimension x="170" y="24"/>
						</Size>
						<Anchors>
							<Anchor point="TOPLEFT">
								<Offset>
									<AbsDimension x="0" y="0"/>
								</Offset>
							</Anchor>
						</Anchors>
						<Scripts>
							<OnLoad>
								self:RegisterForClicks("AnyUp");
								self:RegisterForDrag("LeftButton");
								Perl_Player_Pet_Target_CastClickOverlay_OnLoad(self);
							</OnLoad>
							<OnDragStart>
								Perl_Player_Pet_Target_DragStart(button);
							</OnDragStart>
							<OnDragStop>
								Perl_Player_Pet_Target_DragStop();
							</OnDragStop>
						</Scripts>
					</Button>
				</Frames>
				<Backdrop bgFile="Interface\AddOns\Perl_Config\Perl_Black" edgeFile="Interface\Tooltips\UI-Tooltip-Border" tile="true">
					<EdgeSize>
						<AbsValue val="16"/>
					</EdgeSize>
					<TileSize>
						<AbsValue val="16"/>
					</TileSize>
					<BackgroundInsets>
						<AbsInset left="5" right="5" top="5" bottom="5"/>
					</BackgroundInsets>
				</Backdrop>
				<Layers>
					<Layer level="OVERLAY">
						<Fontstring name="Perl_Player_Pet_Target_NameBarText" inherits="GameFontNormalSmall" text="Error!"/>
					</Layer>
				</Layers>
			</Frame>


			<!-- Raid Icon -->
			<Frame name="Perl_Player_Pet_Target_RaidIconFrame">
				<Size>
					<AbsDimension x="145" y="24"/>
				</Size>
				<Anchors>
					<Anchor point="TOPLEFT">
						<Offset>
							<AbsDimension x="0" y="0"/>
						</Offset>
					</Anchor>
				</Anchors>
				<Layers>
					<Layer level="OVERLAY">
						<!-- Raid Target Icon -->
						<Texture name="Perl_Player_Pet_Target_RaidTargetIcon" file="Interface\TargetingFrame\UI-RaidTargetingIcons" hidden="true">
							<Size>
								<AbsDimension x="26" y="26"/>
							</Size>
							<Anchors>
								<Anchor point="CENTER" relativePoint="TOPRIGHT" relativeTo="Perl_Player_Pet_Target_NameFrame">
									<Offset>
										<AbsDimension x="-10" y="-10"/>
									</Offset>
								</Anchor>
							</Anchors>
						</Texture>
					</Layer>
				</Layers>
			</Frame>


			<!-- Target Stats -->
			<Frame name="Perl_Player_Pet_Target_StatsFrame">
				<Size>
					<AbsDimension x="145" y="34"/>
				</Size>
				<Anchors>
					<Anchor point="TOPLEFT" relativePoint="BOTTOMLEFT" relativeTo="Perl_Player_Pet_Target_NameFrame">
						<Offset>
							<AbsDimension x="0" y="2"/>
						</Offset>
					</Anchor>
				</Anchors>
				<Backdrop bgFile="Interface\AddOns\Perl_Config\Perl_Black" edgeFile="Interface\Tooltips\UI-Tooltip-Border" tile="true">
					<EdgeSize>
						<AbsValue val="16"/>
					</EdgeSize>
					<TileSize>
						<AbsValue val="16"/>
					</TileSize>
					<BackgroundInsets>
						<AbsInset left="5" right="5" top="5" bottom="5"/>
					</BackgroundInsets>
				</Backdrop>
				<Frames>
					<Button name="Perl_Player_Pet_Target_StatsFrame_CastClickOverlay" inherits="SecureUnitButtonTemplate">
						<Size>
							<AbsDimension x="145" y="34"/>
						</Size>
						<Anchors>
							<Anchor point="TOPLEFT">
								<Offset>
									<AbsDimension x="0" y="0"/>
								</Offset>
							</Anchor>
						</Anchors>
						<Scripts>
							<OnLoad>
								self:RegisterForClicks("AnyUp");
								self:RegisterForDrag("LeftButton");
								Perl_Player_Pet_Target_CastClickOverlay_OnLoad(self);
							</OnLoad>
							<OnDragStart>
								Perl_Player_Pet_Target_DragStart(button);
							</OnDragStart>
							<OnDragStop>
								Perl_Player_Pet_Target_DragStop();
							</OnDragStop>
						</Scripts>
					</Button>

					<!-- Health Bar -->
					<StatusBar name="Perl_Player_Pet_Target_HealthBar">
						<Size>
							<AbsDimension x="133" y="10"/>
						</Size>
						<Anchors>
							<Anchor point="TOP" relativePoint="TOP">
								<Offset>
									<AbsDimension x="0" y="-6"/>
								</Offset>
							</Anchor>
						</Anchors>
						<BarTexture name="Perl_Player_Pet_Target_HealthBarTex" file="Interface\TargetingFrame\UI-StatusBar"/>
						<BarColor r="0" g="0.8" b="0"/>
						<Layers>
							<!-- Health Text -->
							<Layer level="OVERLAY">
								<Fontstring name="Perl_Player_Pet_Target_HealthBarText" inherits="GameFontNormalSmall" text="Error!">
									<Anchors>
										<Anchor point="TOP" relativePoint="TOP">
											<Offset>
												<AbsDimension x="0" y="1"/>
											</Offset>
										</Anchor>
									</Anchors>
								</Fontstring>
							</Layer>
						</Layers>
					</StatusBar>
					<StatusBar name="Perl_Player_Pet_Target_HealthBarFadeBar" hidden="true">
						<Size>
							<AbsDimension x="133" y="10"/>
						</Size>
						<Anchors>
							<Anchor point="TOP" relativePoint="TOP" relativeTo="Perl_Player_Pet_Target_HealthBar">
								<Offset>
									<AbsDimension x="0" y="0"/>
								</Offset>
							</Anchor>
						</Anchors>
						<BarTexture name="Perl_Player_Pet_Target_HealthBarFadeBarTex" file="Interface\TargetingFrame\UI-StatusBar"/>
						<BarColor r="0" g="0.8" b="0" a="0.25"/>
					</StatusBar>
					<StatusBar name="Perl_Player_Pet_Target_HealthBarBG">
						<Size>
							<AbsDimension x="133" y="10"/>
						</Size>
						<Anchors>
							<Anchor point="TOP" relativePoint="TOP" relativeTo="Perl_Player_Pet_Target_HealthBar">
								<Offset>
									<AbsDimension x="0" y="0"/>
								</Offset>
							</Anchor>
						</Anchors>
						<BarTexture name="Perl_Player_Pet_Target_HealthBarBGTex" file="Interface\TargetingFrame\UI-TargetingFrame-BarFill"/>
						<BarColor r="0" g="0.8" b="0" a="0.25"/>
					</StatusBar>
					<Button name="Perl_Player_Pet_Target_HealthBar_CastClickOverlay" inherits="SecureUnitButtonTemplate">
						<Size>
							<AbsDimension x="133" y="10"/>
						</Size>
						<Anchors>
							<Anchor point="TOP" relativePoint="TOP" relativeTo="Perl_Player_Pet_Target_HealthBar">
								<Offset>
									<AbsDimension x="0" y="0"/>
								</Offset>
							</Anchor>
						</Anchors>
						<Scripts>
							<OnLoad>
								self:RegisterForClicks("AnyUp");
								self:RegisterForDrag("LeftButton");
								Perl_Player_Pet_Target_CastClickOverlay_OnLoad(self);
							</OnLoad>
							<OnEnter>
								Perl_Player_Pet_Target_HealthShow();
							</OnEnter>
							<OnLeave>
								Perl_Player_Pet_Target_HealthHide();
							</OnLeave>
							<OnDragStart>
								Perl_Player_Pet_Target_DragStart(button);
							</OnDragStart>
							<OnDragStop>
								Perl_Player_Pet_Target_DragStop();
							</OnDragStop>
						</Scripts>
					</Button>

					<!-- Mana Bar -->
					<StatusBar name="Perl_Player_Pet_Target_ManaBar">
						<Size>
							<AbsDimension x="133" y="10"/>
						</Size>
						<Anchors>
							<Anchor point="TOP" relativePoint="BOTTOM" relativeTo="Perl_Player_Pet_Target_HealthBar">
								<Offset>
									<AbsDimension x="0" y="-2"/>
								</Offset>
							</Anchor>
						</Anchors>
						<BarTexture name="Perl_Player_Pet_Target_ManaBarTex" file="Interface\TargetingFrame\UI-StatusBar"/>
						<BarColor r="0" g="0" b="1"/>
						<Layers>
							<!-- Mana Text -->
							<Layer level="OVERLAY">
								<Fontstring name="Perl_Player_Pet_Target_ManaBarText" inherits="GameFontNormalSmall" text="Error!">
									<Anchors>
										<Anchor point="TOP" relativePoint="TOP">
											<Offset>
												<AbsDimension x="0" y="0"/>
											</Offset>
										</Anchor>
									</Anchors>
								</Fontstring>
							</Layer>
						</Layers>
					</StatusBar>
					<StatusBar name="Perl_Player_Pet_Target_ManaBarFadeBar" hidden="true">
						<Size>
							<AbsDimension x="133" y="10"/>
						</Size>
						<Anchors>
							<Anchor point="TOP" relativePoint="TOP" relativeTo="Perl_Player_Pet_Target_ManaBar">
								<Offset>
									<AbsDimension x="0" y="0"/>
								</Offset>
							</Anchor>
						</Anchors>
						<BarTexture name="Perl_Player_Pet_Target_ManaBarFadeBarTex" file="Interface\TargetingFrame\UI-StatusBar"/>
						<BarColor r="0" g="0.8" b="0" a="0.25"/>
					</StatusBar>
					<StatusBar name="Perl_Player_Pet_Target_ManaBarBG">
						<Size>
							<AbsDimension x="133" y="10"/>
						</Size>
						<Anchors>
							<Anchor point="TOP" relativePoint="TOP" relativeTo="Perl_Player_Pet_Target_ManaBar">
								<Offset>
									<AbsDimension x="0" y="0"/>
								</Offset>
							</Anchor>
						</Anchors>
						<BarTexture name="Perl_Player_Pet_Target_ManaBarBGTex" file="Interface\TargetingFrame\UI-TargetingFrame-BarFill"/>
						<BarColor r="0" g="0" b="1" a="0.25"/>
					</StatusBar>
					<Button name="Perl_Player_Pet_Target_ManaBar_CastClickOverlay" inherits="SecureUnitButtonTemplate">
						<Size>
							<AbsDimension x="133" y="10"/>
						</Size>
						<Anchors>
							<Anchor point="TOP" relativePoint="TOP" relativeTo="Perl_Player_Pet_Target_ManaBar">
								<Offset>
									<AbsDimension x="0" y="0"/>
								</Offset>
							</Anchor>
						</Anchors>
						<Scripts>
							<OnLoad>
								self:RegisterForClicks("AnyUp");
								self:RegisterForDrag("LeftButton");
								Perl_Player_Pet_Target_CastClickOverlay_OnLoad(self);
							</OnLoad>
							<OnEnter>
								Perl_Player_Pet_Target_ManaShow();
							</OnEnter>
							<OnLeave>
								Perl_Player_Pet_Target_ManaHide();
							</OnLeave>
							<OnDragStart>
								Perl_Player_Pet_Target_DragStart(button);
							</OnDragStart>
							<OnDragStop>
								Perl_Player_Pet_Target_DragStop();
							</OnDragStop>
						</Scripts>
					</Button>
				</Frames>
			</Frame>
		</Frames>
	</Frame>



	<Frame name="Perl_Player_Pet_HealthBar_Fade_OnUpdate_Frame" movable="true" parent="UIParent" hidden="true" enableMouse="true">
		<Scripts>
			<OnLoad>
				self.TimeSinceLastUpdate = 0;
			</OnLoad>
			<OnUpdate function="Perl_Player_Pet_HealthBar_Fade" />
		</Scripts>
	</Frame>

	<Frame name="Perl_Player_Pet_ManaBar_Fade_OnUpdate_Frame" movable="true" parent="UIParent" hidden="true" enableMouse="true">
		<Scripts>
			<OnLoad>
				self.TimeSinceLastUpdate = 0;
			</OnLoad>
			<OnUpdate function="Perl_Player_Pet_ManaBar_Fade" />
		</Scripts>
	</Frame>

	<Frame name="Perl_Player_Pet_Target_HealthBar_Fade_OnUpdate_Frame" movable="true" parent="UIParent" hidden="true" enableMouse="true">
		<Scripts>
			<OnLoad>
				self.TimeSinceLastUpdate = 0;
			</OnLoad>
			<OnUpdate function="Perl_Player_Pet_Target_HealthBar_Fade" />
		</Scripts>
	</Frame>

	<Frame name="Perl_Player_Pet_Target_ManaBar_Fade_OnUpdate_Frame" movable="true" parent="UIParent" hidden="true" enableMouse="true">
		<Scripts>
			<OnLoad>
				self.TimeSinceLastUpdate = 0;
			</OnLoad>
			<OnUpdate function="Perl_Player_Pet_Target_ManaBar_Fade" />
		</Scripts>
	</Frame>
</Ui>
