<Ui xmlns="http://www.blizzard.com/wow/ui/" xmlns:xsi="http://www.w3.org/2001/XMLSchema-instance" xsi:schemaLocation="http://www.blizzard.com/wow/ui/
..\FrameXML\UI.xsd">

	<Script file="LibStub\LibStub.lua"/>
	
	<!-- Ace libraries -->
	<Include file="CallbackHandler-1.0\CallbackHandler-1.0.xml"/>
	<Include file="LibRangeCheck-2.0\LibRangeCheck-2.0.lua"/>
	<Include file="AceAddon-3.0\AceAddon-3.0.xml"/>
	<Include file="AceLocale-3.0\AceLocale-3.0.xml"/>
	<Include file="LibSharedMedia-3.0\lib.xml"/>
	<Include file="AceGUI-3.0\AceGUI-3.0.xml"/>
	<Include file="AceGUI-3.0-SharedMediaWidgets\widget.xml"/>
	<Include file="AceConfig-3.0\AceConfig-3.0.xml"/>
	<Include file="AceDB-3.0\AceDB-3.0.xml"/>
	<Include file="LibAboutPanel\lib.xml"/>
	<Include file="AceDBOptions-3.0\AceDBOptions-3.0.xml"/>
	<Include file="AceComm-3.0\AceComm-3.0.xml"/>
	<Include file="AceSerializer-3.0\AceSerializer-3.0.xml"/>
	<Include file="LibQTip-1.0\lib.xml"/>
</Ui>