<Ui xmlns="http://www.blizzard.com/wow/ui/" xmlns:xsi="http://www.w3.org/2001/XMLSchema-instance" xsi:schemaLocation="http://www.blizzard.com/wow/ui/
..\FrameXML\UI.xsd">

<Script file="Lucifron.lua"/>
<Script file="Magmadar.lua"/>
<Script file="Gehennas.lua"/>
<Script file="Garr.lua"/>
<Script file="BaronGeddon.lua"/>
<Script file="Shazzrah.lua"/>
<Script file="Sulfuron.lua"/>
<Script file="Golemagg.lua"/>
<Script file="Majordomo.lua"/>
<Script file="Ragnaros.lua"/>

<Include file="Options\options.xml"/>

</Ui>
