<Ui xmlns="http://www.blizzard.com/wow/ui/" xmlns:xsi="http://www.w3.org/2001/XMLSchema-instance" xsi:schemaLocation="http://www.blizzard.com/wow/ui/
..\FrameXML\UI.xsd">

<Script file="Apocron.lua"/>
<Script file="Brutallus.lua"/>
<Script file="Calamir.lua"/>
<Script file="Drugon.lua"/>
<Script file="Flotsam.lua"/>
<Script file="Humongris.lua"/>
<Script file="Levantus.lua"/>
<Script file="Malificus.lua"/>
<Script file="Nazak.lua"/>
<Script file="Nithogg.lua"/>
<Script file="Sharthos.lua"/>
<Script file="Sivash.lua"/>
<Script file="TheSoultakers.lua"/>
<Script file="WitheredJim.lua"/>

<Include file="Locales\locales.xml"/>
<Include file="Options\options.xml"/>

</Ui>
