<Ui xmlns="http://www.blizzard.com/wow/ui/" xmlns:xsi="http://www.w3.org/2001/XMLSchema-instance" xsi:schemaLocation="http://www.blizzard.com/wow/ui/
..\FrameXML\UI.xsd">

<Script file="Nythendra.lua"/>
<Script file="Ilgynoth.lua"/>
<Script file="EleretheRenferal.lua"/>
<Script file="Ursoc.lua"/>
<Script file="Dragons.lua"/>
<Script file="Cenarius.lua"/>
<Script file="Xavius.lua"/>
<Script file="Trash.lua"/>

<Include file="Locales\locales.xml"/>
<Include file="Options\options.xml"/>

</Ui>
