<Ui xmlns="http://www.blizzard.com/wow/ui/" xmlns:xsi="http://www.w3.org/2001/XMLSchema-instance" xsi:schemaLocation="http://www.blizzard.com/wow/ui/
..\FrameXML\UI.xsd">
	<Script file="Perl_CombatDisplay.lua"/>


	<Frame name="Perl_CombatDisplay_Frame" frameStrata="LOW" toplevel="true" movable="true" parent="UIParent" enableMouse="true">
		<Size>
			<AbsDimension x="220" y="42"/>
		</Size>

		<Anchors>
			<Anchor point="BOTTOM">
				<Offset>
					<AbsDimension x="0" y="300"/>
				</Offset>
			</Anchor>
		</Anchors>

		<!-- Script Events -->
		<Scripts>
			<OnLoad>
				Perl_CombatDisplay_OnLoad(self);
			</OnLoad>
		</Scripts>

		<Frames>
			<!-- Frame to display Mana/Energy/Rage/CPs. -->
			<Frame name="Perl_CombatDisplay_ManaFrame">
				<Size>
					<AbsDimension x="220" y="42"/>
				</Size>
				<Anchors>
					<Anchor point="TOPLEFT">
						<Offset>
							<AbsDimension x="0" y="0"/>
						</Offset>
					</Anchor>
				</Anchors>
				<Backdrop bgFile="Interface\AddOns\Perl_Config\Perl_Black" edgeFile="Interface\Tooltips\UI-Tooltip-Border" tile="true">
					<EdgeSize>
						<AbsValue val="16"/>
					</EdgeSize>
					<TileSize>
						<AbsValue val="16"/>
					</TileSize>
					<BackgroundInsets>
						<AbsInset left="5" right="5" top="5" bottom="5"/>
					</BackgroundInsets>
				</Backdrop>
				<Frames>
					<Button name="Perl_CombatDisplay_ManaFrame_CastClickOverlay" inherits="SecureUnitButtonTemplate">
						<Size>
							<AbsDimension x="220" y="42"/>
						</Size>
						<Anchors>
							<Anchor point="TOPLEFT">
								<Offset>
									<AbsDimension x="0" y="0"/>
								</Offset>
							</Anchor>
						</Anchors>
						<Scripts>
							<OnLoad>
								self:RegisterForClicks("AnyUp");
								self:RegisterForDrag("LeftButton");
								Perl_CombatDisplay_CastClickOverlay_OnLoad(self);
							</OnLoad>
							<OnDragStart>
								Perl_CombatDisplay_DragStart(button);
							</OnDragStart>
							<OnDragStop>
								Perl_CombatDisplay_DragStop();
							</OnDragStop>
						</Scripts>
					</Button>

					<!-- Health Bar -->
					<StatusBar name="Perl_CombatDisplay_HealthBar">
						<Size>
							<AbsDimension x="200" y="10"/>
						</Size>
						<Anchors>
							<Anchor point="TOP" relativePoint="TOP">
								<Offset>
									<AbsDimension x="0" y="-10"/>
								</Offset>
							</Anchor>
						</Anchors>
						<BarTexture name="Perl_CombatDisplay_HealthBarTex" file="Interface\TargetingFrame\UI-StatusBar"/>
						<BarColor r="0" g="0.8" b="0"/>
						<Layers>
							<!-- Health Text -->
							<Layer level="OVERLAY">
								<Fontstring name="Perl_CombatDisplay_HealthBarText" inherits="GameFontNormal" text="Error!">
									<Anchors>
										<Anchor point="TOP" relativePoint="TOP">
											<Offset>
												<AbsDimension x="0" y="1"/>
											</Offset>
										</Anchor>
									</Anchors>
								</Fontstring>
							</Layer>
						</Layers>
					</StatusBar>
					<StatusBar name="Perl_CombatDisplay_HealthBarFadeBar" hidden="true">
						<Size>
							<AbsDimension x="200" y="10"/>
						</Size>
						<Anchors>
							<Anchor point="TOP" relativePoint="TOP" relativeTo="Perl_CombatDisplay_HealthBar">
								<Offset>
									<AbsDimension x="0" y="0"/>
								</Offset>
							</Anchor>
						</Anchors>
						<BarTexture name="Perl_CombatDisplay_HealthBarFadeBarTex" file="Interface\TargetingFrame\UI-StatusBar"/>
						<BarColor r="0" g="0.8" b="0" a="0.25"/>
					</StatusBar>
					<StatusBar name="Perl_CombatDisplay_HealthBarBG">
						<Size>
							<AbsDimension x="200" y="10"/>
						</Size>
						<Anchors>
							<Anchor point="TOP" relativePoint="TOP" relativeTo="Perl_CombatDisplay_HealthBar">
								<Offset>
									<AbsDimension x="0" y="0"/>
								</Offset>
							</Anchor>
						</Anchors>
						<BarTexture name="Perl_CombatDisplay_HealthBarBGTex" file="Interface\TargetingFrame\UI-TargetingFrame-BarFill"/>
						<BarColor r="0" g="0.8" b="0" a="0.25"/>
					</StatusBar>

					<!-- Mana Bar -->
					<StatusBar name="Perl_CombatDisplay_ManaBar">
						<Size>
							<AbsDimension x="200" y="10"/>
						</Size>
						<Anchors>
							<Anchor point="TOP" relativePoint="BOTTOM" relativeTo="Perl_CombatDisplay_HealthBar">
								<Offset>
									<AbsDimension x="0" y="-2"/>
								</Offset>
							</Anchor>
						</Anchors>
						<BarTexture name="Perl_CombatDisplay_ManaBarTex" file="Interface\TargetingFrame\UI-StatusBar"/>
						<BarColor r="0" g="1" b="0"/>
						<Layers>
							<!-- Mana Text -->
							<Layer level="OVERLAY">
								<Fontstring name="Perl_CombatDisplay_ManaBarText" inherits="GameFontNormal" text="Error!">
									<Anchors>
										<Anchor point="TOP" relativePoint="TOP">
											<Offset>
												<AbsDimension x="0" y="1"/>
											</Offset>
										</Anchor>
									</Anchors>
								</Fontstring>
							</Layer>
						</Layers>
					</StatusBar>
					<StatusBar name="Perl_CombatDisplay_ManaBarFadeBar" hidden="true">
						<Size>
							<AbsDimension x="200" y="10"/>
						</Size>
						<Anchors>
							<Anchor point="TOP" relativePoint="TOP" relativeTo="Perl_CombatDisplay_ManaBar">
								<Offset>
									<AbsDimension x="0" y="0"/>
								</Offset>
							</Anchor>
						</Anchors>
						<BarTexture name="Perl_CombatDisplay_ManaBarFadeBarTex" file="Interface\TargetingFrame\UI-StatusBar"/>
						<BarColor r="0" g="0.8" b="0" a="0.25"/>
					</StatusBar>
					<StatusBar name="Perl_CombatDisplay_ManaBarBG">
						<Size>
							<AbsDimension x="200" y="10"/>
						</Size>
						<Anchors>
							<Anchor point="TOP" relativePoint="TOP" relativeTo="Perl_CombatDisplay_ManaBar">
								<Offset>
									<AbsDimension x="0" y="0"/>
								</Offset>
							</Anchor>
						</Anchors>
						<BarTexture name="Perl_CombatDisplay_ManaBarBGTex" file="Interface\TargetingFrame\UI-TargetingFrame-BarFill"/>
						<BarColor r="0" g="1" b="0" a="0.25"/>
					</StatusBar>

					<!-- Druid Mana Bar -->
					<StatusBar name="Perl_CombatDisplay_DruidBar">
						<Size>
							<AbsDimension x="200" y="10"/>
						</Size>
						<Anchors>
							<Anchor point="TOP" relativePoint="BOTTOM" relativeTo="Perl_CombatDisplay_HealthBar">
								<Offset>
									<AbsDimension x="0" y="-2"/>
								</Offset>
							</Anchor>
						</Anchors>
						<BarTexture name="Perl_CombatDisplay_DruidBarTex" file="Interface\TargetingFrame\UI-StatusBar"/>
						<BarColor r="0" g="0" b="1"/>
						<Layers>
							<!-- Text -->
							<Layer level="OVERLAY">
								<Fontstring name="Perl_CombatDisplay_DruidBarText" inherits="GameFontNormal" text="Error!">
									<Anchors>
										<Anchor point="TOP" relativePoint="TOP">
											<Offset>
												<AbsDimension x="0" y="1"/>
											</Offset>
										</Anchor>
									</Anchors>
									<Color r="1" g="1" b="1"/>
								</Fontstring>
							</Layer>
						</Layers>
					</StatusBar>
					<!--
					<StatusBar name="Perl_CombatDisplay_DruidBarFadeBar" hidden="true">
						<Size>
							<AbsDimension x="200" y="10"/>
						</Size>
						<Anchors>
							<Anchor point="TOP" relativePoint="TOP" relativeTo="Perl_CombatDisplay_DruidBar">
								<Offset>
									<AbsDimension x="0" y="0"/>
								</Offset>
							</Anchor>
						</Anchors>
						<BarTexture name="Perl_CombatDisplay_DruidBarFadeBarTex" file="Interface\TargetingFrame\UI-StatusBar"/>
						<BarColor r="0" g="0.8" b="0" a="0.25"/>
					</StatusBar>
					-->
					<StatusBar name="Perl_CombatDisplay_DruidBarBG">
						<Size>
							<AbsDimension x="200" y="10"/>
						</Size>
						<Anchors>
							<Anchor point="TOP" relativePoint="TOP" relativeTo="Perl_CombatDisplay_DruidBar">
								<Offset>
									<AbsDimension x="0" y="0"/>
								</Offset>
							</Anchor>
						</Anchors>
						<BarTexture name="Perl_CombatDisplay_DruidBarBGTex" file="Interface\TargetingFrame\UI-TargetingFrame-BarFill"/>
						<BarColor r="0" g="0" b="1" a="0.25"/>
					</StatusBar>

					<!-- Bar for CPs -->
					<StatusBar name="Perl_CombatDisplay_CPBar">
						<Size>
							<AbsDimension x="200" y="10"/>
						</Size>
						<Anchors>
							<Anchor point="TOP" relativePoint="BOTTOM" relativeTo="Perl_CombatDisplay_ManaBar">
								<Offset>
									<AbsDimension x="0" y="-2"/>
								</Offset>
							</Anchor>
						</Anchors>
						<BarTexture name="Perl_CombatDisplay_CPBarTex" file="Interface\TargetingFrame\UI-StatusBar"/>
						<BarColor r="1" g="0" b="0"/>
						<Layers>
							<!-- Combo Point Text -->
							<Layer level="OVERLAY">
								<Fontstring name="Perl_CombatDisplay_CPBarText" inherits="GameFontNormal" text="Error!">
									<Anchors>
										<Anchor point="TOP" relativePoint="TOP">
											<Offset>
												<AbsDimension x="0" y="1"/>
											</Offset>
										</Anchor>
									</Anchors>
								</Fontstring>
							</Layer>
						</Layers>
					</StatusBar>
					<StatusBar name="Perl_CombatDisplay_CPBarFadeBar" hidden="true">
						<Size>
							<AbsDimension x="200" y="10"/>
						</Size>
						<Anchors>
							<Anchor point="TOP" relativePoint="TOP" relativeTo="Perl_CombatDisplay_CPBar">
								<Offset>
									<AbsDimension x="0" y="0"/>
								</Offset>
							</Anchor>
						</Anchors>
						<BarTexture name="Perl_CombatDisplay_CPBarFadeBarTex" file="Interface\TargetingFrame\UI-StatusBar"/>
						<BarColor r="0" g="0.8" b="0" a="0.25"/>
					</StatusBar>
					<StatusBar name="Perl_CombatDisplay_CPBarBG">
						<Size>
							<AbsDimension x="200" y="10"/>
						</Size>
						<Anchors>
							<Anchor point="TOP" relativePoint="TOP" relativeTo="Perl_CombatDisplay_CPBar">
								<Offset>
									<AbsDimension x="0" y="0"/>
								</Offset>
							</Anchor>
						</Anchors>
						<BarTexture name="Perl_CombatDisplay_CPBarBGTex" file="Interface\TargetingFrame\UI-TargetingFrame-BarFill"/>
						<BarColor r="1" g="0" b="0" a="0.25"/>
					</StatusBar>

					<!-- Pet Health Bar -->
					<StatusBar name="Perl_CombatDisplay_PetHealthBar">
						<Size>
							<AbsDimension x="200" y="10"/>
						</Size>
						<Anchors>
							<Anchor point="TOP" relativePoint="BOTTOM" relativeTo="Perl_CombatDisplay_ManaBar">
								<Offset>
									<AbsDimension x="0" y="-2"/>
								</Offset>
							</Anchor>
						</Anchors>
						<BarTexture name="Perl_CombatDisplay_PetHealthBarTex" file="Interface\TargetingFrame\UI-StatusBar"/>
						<BarColor r="0" g="0.8" b="0"/>
						<Layers>
							<!-- Health Text -->
							<Layer level="OVERLAY">
								<Fontstring name="Perl_CombatDisplay_PetHealthBarText" inherits="GameFontNormal" text="Error!">
									<Anchors>
										<Anchor point="TOP" relativePoint="TOP">
											<Offset>
												<AbsDimension x="0" y="1"/>
											</Offset>
										</Anchor>
									</Anchors>
								</Fontstring>
							</Layer>
						</Layers>
					</StatusBar>
					<StatusBar name="Perl_CombatDisplay_PetHealthBarFadeBar" hidden="true">
						<Size>
							<AbsDimension x="200" y="10"/>
						</Size>
						<Anchors>
							<Anchor point="TOP" relativePoint="TOP" relativeTo="Perl_CombatDisplay_PetHealthBar">
								<Offset>
									<AbsDimension x="0" y="0"/>
								</Offset>
							</Anchor>
						</Anchors>
						<BarTexture name="Perl_CombatDisplay_PetHealthBarFadeBarTex" file="Interface\TargetingFrame\UI-StatusBar"/>
						<BarColor r="0" g="0.8" b="0" a="0.25"/>
					</StatusBar>
					<StatusBar name="Perl_CombatDisplay_PetHealthBarBG">
						<Size>
							<AbsDimension x="200" y="10"/>
						</Size>
						<Anchors>
							<Anchor point="TOP" relativePoint="TOP" relativeTo="Perl_CombatDisplay_PetHealthBar">
								<Offset>
									<AbsDimension x="0" y="0"/>
								</Offset>
							</Anchor>
						</Anchors>
						<BarTexture name="Perl_CombatDisplay_PetHealthBarBGTex" file="Interface\TargetingFrame\UI-TargetingFrame-BarFill"/>
						<BarColor r="0" g="0.8" b="0" a="0.25"/>
					</StatusBar>

					<!-- Pet Mana Bar -->
					<StatusBar name="Perl_CombatDisplay_PetManaBar">
						<Size>
							<AbsDimension x="200" y="10"/>
						</Size>
						<Anchors>
							<Anchor point="TOP" relativePoint="BOTTOM" relativeTo="Perl_CombatDisplay_PetHealthBar">
								<Offset>
									<AbsDimension x="0" y="-2"/>
								</Offset>
							</Anchor>
						</Anchors>
						<BarTexture name="Perl_CombatDisplay_PetManaBarTex" file="Interface\TargetingFrame\UI-StatusBar"/>
						<BarColor r="0" g="1" b="0"/>
						<Layers>
							<!-- Mana Text -->
							<Layer level="OVERLAY">
								<Fontstring name="Perl_CombatDisplay_PetManaBarText" inherits="GameFontNormal" text="Error!">
									<Anchors>
										<Anchor point="TOP" relativePoint="TOP">
											<Offset>
												<AbsDimension x="0" y="1"/>
											</Offset>
										</Anchor>
									</Anchors>
								</Fontstring>
							</Layer>
						</Layers>
					</StatusBar>
					<StatusBar name="Perl_CombatDisplay_PetManaBarFadeBar" hidden="true">
						<Size>
							<AbsDimension x="200" y="10"/>
						</Size>
						<Anchors>
							<Anchor point="TOP" relativePoint="TOP" relativeTo="Perl_CombatDisplay_PetManaBar">
								<Offset>
									<AbsDimension x="0" y="0"/>
								</Offset>
							</Anchor>
						</Anchors>
						<BarTexture name="Perl_CombatDisplay_PetManaBarFadeBarTex" file="Interface\TargetingFrame\UI-StatusBar"/>
						<BarColor r="0" g="0.8" b="0" a="0.25"/>
					</StatusBar>
					<StatusBar name="Perl_CombatDisplay_PetManaBarBG">
						<Size>
							<AbsDimension x="200" y="10"/>
						</Size>
						<Anchors>
							<Anchor point="TOP" relativePoint="TOP" relativeTo="Perl_CombatDisplay_PetManaBar">
								<Offset>
									<AbsDimension x="0" y="0"/>
								</Offset>
							</Anchor>
						</Anchors>
						<BarTexture name="Perl_CombatDisplay_PetManaBarBGTex" file="Interface\TargetingFrame\UI-TargetingFrame-BarFill"/>
						<BarColor r="0" g="1" b="0" a="0.25"/>
					</StatusBar>
				</Frames>
			</Frame>
		</Frames>
	</Frame>


	<Frame name="Perl_CombatDisplay_Target_Frame" frameStrata="LOW" toplevel="true" movable="true" parent="UIParent" enableMouse="true">
		<Size>
			<AbsDimension x="220" y="42"/>
		</Size>

		<Anchors>
			<Anchor point="BOTTOM">
				<Offset>
					<AbsDimension x="0" y="350"/>
				</Offset>
			</Anchor>
		</Anchors>

		<!-- Script Events -->
		<Scripts>
			<OnLoad>
				Perl_CombatDisplay_Target_OnLoad(self);
			</OnLoad>
		</Scripts>

		<Frames>
			<!-- Frame to display Mana/Energy/Rage/CPs. -->
			<Frame name="Perl_CombatDisplay_Target_ManaFrame">
				<Size>
					<AbsDimension x="220" y="42"/>
				</Size>
				<Anchors>
					<Anchor point="TOPLEFT">
						<Offset>
							<AbsDimension x="0" y="0"/>
						</Offset>
					</Anchor>
				</Anchors>
				<Backdrop bgFile="Interface\AddOns\Perl_Config\Perl_Black" edgeFile="Interface\Tooltips\UI-Tooltip-Border" tile="true">
					<EdgeSize>
						<AbsValue val="16"/>
					</EdgeSize>
					<TileSize>
						<AbsValue val="16"/>
					</TileSize>
					<BackgroundInsets>
						<AbsInset left="5" right="5" top="5" bottom="5"/>
					</BackgroundInsets>
				</Backdrop>
				<Frames>
					<Button name="Perl_CombatDisplay_Target_ManaFrame_CastClickOverlay" inherits="SecureUnitButtonTemplate">
						<Size>
							<AbsDimension x="220" y="42"/>
						</Size>
						<Anchors>
							<Anchor point="TOPLEFT">
								<Offset>
									<AbsDimension x="0" y="0"/>
								</Offset>
							</Anchor>
						</Anchors>
						<Scripts>
							<OnLoad>
								self:RegisterForClicks("AnyUp");
								self:RegisterForDrag("LeftButton");
								Perl_CombatDisplay_Target_CastClickOverlay_OnLoad(self);
							</OnLoad>
							<OnDragStart>
								Perl_CombatDisplay_Target_DragStart(button);
							</OnDragStart>
							<OnDragStop>
								Perl_CombatDisplay_Target_DragStop();
							</OnDragStop>
						</Scripts>
					</Button>

					<!-- Health Bar -->
					<StatusBar name="Perl_CombatDisplay_Target_HealthBar">
						<Size>
							<AbsDimension x="200" y="10"/>
						</Size>
						<Anchors>
							<Anchor point="TOP" relativePoint="TOP">
								<Offset>
									<AbsDimension x="0" y="-10"/>
								</Offset>
							</Anchor>
						</Anchors>
						<BarTexture name="Perl_CombatDisplay_Target_HealthBarTex" file="Interface\TargetingFrame\UI-StatusBar"/>
						<BarColor r="0" g="0.8" b="0"/>
						<Layers>
							<!-- Health Text -->
							<Layer level="OVERLAY">
								<Fontstring name="Perl_CombatDisplay_Target_HealthBarText" inherits="GameFontNormal" text="Error!">
									<Anchors>
										<Anchor point="TOP" relativePoint="TOP">
											<Offset>
												<AbsDimension x="0" y="1"/>
											</Offset>
										</Anchor>
									</Anchors>
								</Fontstring>
							</Layer>
						</Layers>
					</StatusBar>
					<StatusBar name="Perl_CombatDisplay_Target_HealthBarFadeBar" hidden="true">
						<Size>
							<AbsDimension x="200" y="10"/>
						</Size>
						<Anchors>
							<Anchor point="TOP" relativePoint="TOP" relativeTo="Perl_CombatDisplay_Target_HealthBar">
								<Offset>
									<AbsDimension x="0" y="0"/>
								</Offset>
							</Anchor>
						</Anchors>
						<BarTexture name="Perl_CombatDisplay_Target_HealthBarFadeBarTex" file="Interface\TargetingFrame\UI-StatusBar"/>
						<BarColor r="0" g="0.8" b="0" a="0.25"/>
					</StatusBar>
					<StatusBar name="Perl_CombatDisplay_Target_HealthBarBG">
						<Size>
							<AbsDimension x="200" y="10"/>
						</Size>
						<Anchors>
							<Anchor point="TOP" relativePoint="TOP" relativeTo="Perl_CombatDisplay_Target_HealthBar">
								<Offset>
									<AbsDimension x="0" y="0"/>
								</Offset>
							</Anchor>
						</Anchors>
						<BarTexture name="Perl_CombatDisplay_Target_HealthBarBGTex" file="Interface\TargetingFrame\UI-TargetingFrame-BarFill"/>
						<BarColor r="0" g="0.8" b="0" a="0.25"/>
					</StatusBar>

					<!-- Mana Bar -->
					<StatusBar name="Perl_CombatDisplay_Target_ManaBar">
						<Size>
							<AbsDimension x="200" y="10"/>
						</Size>
						<Anchors>
							<Anchor point="TOP" relativePoint="TOP">
								<Offset>
									<AbsDimension x="0" y="-22"/>
								</Offset>
							</Anchor>
						</Anchors>
						<BarTexture name="Perl_CombatDisplay_Target_ManaBarTex" file="Interface\TargetingFrame\UI-StatusBar"/>
						<BarColor r="0" g="1" b="0"/>
						<Layers>
							<!-- Mana Text -->
							<Layer level="OVERLAY">
								<Fontstring name="Perl_CombatDisplay_Target_ManaBarText" inherits="GameFontNormal" text="Error!">
									<Anchors>
										<Anchor point="TOP" relativePoint="TOP">
											<Offset>
												<AbsDimension x="0" y="1"/>
											</Offset>
										</Anchor>
									</Anchors>
								</Fontstring>
							</Layer>
						</Layers>
					</StatusBar>
					<StatusBar name="Perl_CombatDisplay_Target_ManaBarFadeBar" hidden="true">
						<Size>
							<AbsDimension x="200" y="10"/>
						</Size>
						<Anchors>
							<Anchor point="TOP" relativePoint="TOP" relativeTo="Perl_CombatDisplay_Target_ManaBar">
								<Offset>
									<AbsDimension x="0" y="0"/>
								</Offset>
							</Anchor>
						</Anchors>
						<BarTexture name="Perl_CombatDisplay_Target_ManaBarFadeBarTex" file="Interface\TargetingFrame\UI-StatusBar"/>
						<BarColor r="0" g="0.8" b="0" a="0.25"/>
					</StatusBar>
					<StatusBar name="Perl_CombatDisplay_Target_ManaBarBG">
						<Size>
							<AbsDimension x="200" y="10"/>
						</Size>
						<Anchors>
							<Anchor point="TOP" relativePoint="TOP" relativeTo="Perl_CombatDisplay_Target_ManaBar">
								<Offset>
									<AbsDimension x="0" y="0"/>
								</Offset>
							</Anchor>
						</Anchors>
						<BarTexture name="Perl_CombatDisplay_Target_ManaBarBGTex" file="Interface\TargetingFrame\UI-TargetingFrame-BarFill"/>
						<BarColor r="0" g="1" b="0" a="0.25"/>
					</StatusBar>
				</Frames>
			</Frame>
		</Frames>
	</Frame>

	<Frame name="Perl_CombatDisplay_HealthBar_Fade_OnUpdate_Frame" movable="true" parent="UIParent" hidden="true" enableMouse="true">
		<Scripts>
			<OnLoad>
				self.TimeSinceLastUpdate = 0;
			</OnLoad>
			<OnUpdate function="Perl_CombatDisplay_HealthBar_Fade" />
		</Scripts>
	</Frame>

	<Frame name="Perl_CombatDisplay_ManaBar_Fade_OnUpdate_Frame" movable="true" parent="UIParent" hidden="true" enableMouse="true">
		<Scripts>
			<OnLoad>
				self.TimeSinceLastUpdate = 0;
			</OnLoad>
			<OnUpdate function="Perl_CombatDisplay_ManaBar_Fade" />
		</Scripts>
	</Frame>

	<!--
	<Frame name="Perl_CombatDisplay_DruidBar_Fade_OnUpdate_Frame" movable="true" parent="UIParent" hidden="true" enableMouse="true">
		<Scripts>
			<OnUpdate>
				Perl_CombatDisplay_DruidBar_Fade(arg1);
			</OnUpdate>
		</Scripts>
	</Frame>
	-->

	<Frame name="Perl_CombatDisplay_CPBar_Fade_OnUpdate_Frame" movable="true" parent="UIParent" hidden="true" enableMouse="true">
		<Scripts>
			<OnLoad>
				self.TimeSinceLastUpdate = 0;
			</OnLoad>
			<OnUpdate function="Perl_CombatDisplay_CPBar_Fade" />
		</Scripts>
	</Frame>

	<Frame name="Perl_CombatDisplay_PetHealthBar_Fade_OnUpdate_Frame" movable="true" parent="UIParent" hidden="true" enableMouse="true">
		<Scripts>
			<OnLoad>
				self.TimeSinceLastUpdate = 0;
			</OnLoad>
			<OnUpdate function="Perl_CombatDisplay_PetHealthBar_Fade" />
		</Scripts>
	</Frame>

	<Frame name="Perl_CombatDisplay_PetManaBar_Fade_OnUpdate_Frame" movable="true" parent="UIParent" hidden="true" enableMouse="true">
		<Scripts>
			<OnLoad>
				self.TimeSinceLastUpdate = 0;
			</OnLoad>
			<OnUpdate function="Perl_CombatDisplay_PetManaBar_Fade" />
		</Scripts>
	</Frame>

	<Frame name="Perl_CombatDisplay_Target_HealthBar_Fade_OnUpdate_Frame" movable="true" parent="UIParent" hidden="true" enableMouse="true">
		<Scripts>
			<OnLoad>
				self.TimeSinceLastUpdate = 0;
			</OnLoad>
			<OnUpdate function="Perl_CombatDisplay_Target_HealthBar_Fade" />
		</Scripts>
	</Frame>

	<Frame name="Perl_CombatDisplay_Target_ManaBar_Fade_OnUpdate_Frame" movable="true" parent="UIParent" hidden="true" enableMouse="true">
		<Scripts>
			<OnLoad>
				self.TimeSinceLastUpdate = 0;
			</OnLoad>
			<OnUpdate function="Perl_CombatDisplay_Target_ManaBar_Fade" />
		</Scripts>
	</Frame>

	<Frame name="Perl_CombatDisplay_ManaBar_OnUpdate_Frame" movable="true" parent="UIParent" hidden="true" enableMouse="true">
		<Scripts>
			<OnLoad>
				self.TimeSinceLastUpdate = 0;
			</OnLoad>
			<OnUpdate function="Perl_CombatDisplay_OnUpdate_ManaBar" />
		</Scripts>
	</Frame>

	<Frame name="Perl_CombatDisplay_Target_ManaBar_OnUpdate_Frame" movable="true" parent="UIParent" hidden="true" enableMouse="true">
		<Scripts>
			<OnLoad>
				self.TimeSinceLastUpdate = 0;
			</OnLoad>
			<OnUpdate function="Perl_CombatDisplay_Target_OnUpdate_ManaBar" />
		</Scripts>
	</Frame>
</Ui>
