<Ui xmlns="http://www.blizzard.com/wow/ui/" xmlns:xsi="http://www.w3.org/2001/XMLSchema-instance" xsi:schemaLocation="http://www.blizzard.com/wow/ui/
..\..\FrameXML\UI.xsd">
	<!-- frameStrata Parameters:  BACKGROUND, LOW, MEDIUM, HIGH, DIALOG, FULLSCREEN, FULLSCREEN_DIALOG, TOOLTIP  -->
	<!-- Layer level Parameters:  BACKGROUND, BORDER, ARTWORK, OVERLAY, HIGHLIGHT -->
	<Script file="Style-Setup.lua" />

	<!-- Minimal_AnchorFrame -->
	<Frame name="Minimal_AnchorFrame" frameStrata="BACKGROUND" parent="UIParent">
		<Anchors>
			<Anchor point="BOTTOMLEFT" relativePoint="BOTTOMLEFT"><Offset><AbsDimension x="0" y="-1"/></Offset></Anchor>
			<Anchor point="BOTTOMRIGHT" relativePoint="BOTTOMRIGHT"><Offset><AbsDimension x="0" y="-1"/></Offset></Anchor>
			<Anchor point="TOPLEFT" relativePoint="TOPLEFT"><Offset><AbsDimension x="0" y="1"/></Offset></Anchor>
			<Anchor point="TOPRIGHT" relativePoint="TOPRIGHT"><Offset><AbsDimension x="0" y="1"/></Offset></Anchor>
		</Anchors>
	</Frame>
	
	<!-- TopBarTemplate -->
	<Frame name="Minimal_TopBarTemplate" frameStrata="BACKGROUND" virtual="true">
		<Size><AbsDimension x="512" y="64" /></Size>
		<Layers>
			<Layer level="BACKGROUND">
				<Texture name="$parentBG" file="Interface\AddOns\SpartanUI_Style_Minimal\Images\base-center-top">
					<Size><AbsDimension x="512" y="64" /></Size>
					<TexCoords left="0" right="1" top="0" bottom=".25"/>
				</Texture>
			</Layer>
		</Layers>
	</Frame>
	
	<!-- SpartanUI -->
	<Frame name="Minimal_SpartanUI" frameStrata="BACKGROUND" parent="UIParent">
		<Anchors>
			<Anchor point="BOTTOMLEFT" relativeTo="Minimal_AnchorFrame" relativePoint="BOTTOMLEFT" />
			<Anchor point="TOPRIGHT" relativeTo="Minimal_AnchorFrame" relativePoint="TOPRIGHT">
				<!-- <Offset><AbsDimension x="0" y="153"/></Offset> -->
			</Anchor>
		</Anchors>
		<Layers>
			<Layer level="BACKGROUND">
				<Texture name="$parent_Base1" file="Interface\AddOns\SpartanUI_Style_Minimal\Images\base-center">
					<Anchors><Anchor point="BOTTOM" relativePoint="BOTTOM"/></Anchors>
				</Texture>
				
				<Texture name="$parent_Base2" file="Interface\AddOns\SpartanUI_Style_Minimal\Images\base-sides" tile="true"> <!-- Top Left -->
					<Anchors><Anchor point="TOPLEFT" relativeTo="$parent" relativePoint="TOPLEFT"/></Anchors>
					<TexCoords left="0" right="1" top="1" bottom="0"/>
				</Texture>
				<Texture name="$parent_Base3" file="Interface\AddOns\SpartanUI_Style_Minimal\Images\base-sides"> <!-- Top Right -->
					<Anchors><Anchor point="TOPRIGHT" relativeTo="$parent" relativePoint="TOPRIGHT"/></Anchors>
					<TexCoords left="1" right="0" top="1" bottom="0"/>
				</Texture>
				
				<Texture name="$parent_Base4" file="Interface\AddOns\SpartanUI_Style_Minimal\Images\base-sides" tile="true"> <!-- Bottom Left -->
					<Anchors><Anchor point="BOTTOMLEFT" relativeTo="$parent" relativePoint="BOTTOMLEFT"/></Anchors>
				</Texture>
				<Texture name="$parent_Base5" file="Interface\AddOns\SpartanUI_Style_Minimal\Images\base-sides"> <!-- Bottom Right -->
					<Anchors><Anchor point="BOTTOMRIGHT" relativeTo="$parent" relativePoint="BOTTOMRIGHT"/></Anchors>
					<TexCoords left="1" right="0" top="0" bottom="1"/>
				</Texture>
			</Layer>
		</Layers>
		<Frames>
			<Frame name="Minimal_Top_Bar1" inherits="Minimal_TopBarTemplate">
				<Anchors>
					<Anchor point="TOPRIGHT" relativePoint="TOP">
						<Offset>
							<AbsDimension x="-100" y="0" />
						</Offset>
					</Anchor>
				</Anchors>
			</Frame>
			<Frame name="Minimal_Top_Bar2" inherits="Minimal_TopBarTemplate">
				<Anchors>
					<Anchor point="TOPLEFT" relativePoint="TOP">
						<Offset>
							<AbsDimension x="100" y="0" />
						</Offset>
					</Anchor>
				</Anchors>
			</Frame>
		</Frames>
	</Frame>
	
	<!-- Minimal_StatusBars_TooltipTemplate -->
	<Frame name="Minimal_StatusBars_TooltipTemplate" frameStrata="TOOLTIP" virtual="true">
		<Size><AbsDimension x="374" y="70"/></Size>
		<Layers>
			<Layer level="BACKGROUND">
				<Texture file="Interface\AddOns\SpartanUI_Style_Minimal\Images\status-tooltip">
					<Anchors><Anchor point="CENTER"/></Anchors>
				</Texture>
			</Layer>
			<Layer level="ARTWORK">
				<FontString name="$parentHeader" inherits="Minimal_FontOutline12">
					<Size><AbsDimension x="390" y="16" /></Size>
					<Anchors><Anchor point="TOP"/></Anchors>
				</FontString>
				<FontString name="$parentText" inherits="Minimal_FontOutline10">
					<Size><AbsDimension x="378" y="46" /></Size>
					<Anchors><Anchor point="TOP" relativeTo="$parentHeader" relativePoint="BOTTOM">
						<Offset><AbsDimension x="0" y="-2"/></Offset>
					</Anchor></Anchors>
				</FontString>
			</Layer>
		</Layers>
	</Frame>
	
	<!-- Minimal_ActionBarsTemplate -->
	<Frame name="Minimal_ActionBarsTemplate" parent="Minimal_SpartanUI" frameStrata="BACKGROUND" virtual="true">
		<Size><AbsDimension x="1002" y="139"/></Size>
	</Frame>

	<Script file="Framework.lua" />
	<Script file="ActionBars.lua" />
	<Script file="UnitFrames.lua" />
	<Script file="Style.lua" />
</Ui>
