<Ui xmlns="http://www.blizzard.com/wow/ui/" xmlns:xsi="http://www.w3.org/2001/XMLSchema-instance" xsi:schemaLocation="http://www.blizzard.com/wow/ui/
..\..\FrameXML\UI.xsd">
	<!-- frameStrata Parameters:  BACKGROUND, LOW, MEDIUM, HIGH, DIALOG, FULLSCREEN, FULLSCREEN_DIALOG, TOOLTIP  -->
	<!-- Layer level Parameters:  BACKGROUND, BORDER, ARTWORK, OVERLAY, HIGHLIGHT -->
	<Script file="Options.lua" />
	
	<!-- SUI_PartyMemberTemplate -->
	<Button name="SUI_SecFrameTemplate" inherits="SecureUnitButtonTemplate" hidden="true" virtual="true">
		<Frames>
		</Frames>
	</Button>
	
	<!-- SUI_Font's -->
	<Font name="SUI_FontOutline22custom"  font="Fonts\FRIZQT__.TTF" outline="NORMAL" virtual="true">
		<FontHeight><AbsValue val="22"/></FontHeight>
	</Font>
	<Font name="SUI_FontOutline22"  font="Interface\AddOns\SpartanUI\media\NotoSans-Bold.ttf" outline="MONOCHROME" virtual="true">
		<FontHeight><AbsValue val="22"/></FontHeight>
        <Shadow><Color a="1" r="0" g="0" b="0"/><Offset x="1" y="-1"/></Shadow>
	</Font>
	<Font name="SUI_FontOutline18"  font="Interface\AddOns\SpartanUI\media\NotoSans-Bold.ttf" outline="MONOCHROME" virtual="true">
		<FontHeight><AbsValue val="18"/></FontHeight>
        <Shadow><Color a="1" r="0" g="0" b="0"/><Offset x="1" y="-1"/></Shadow>
	</Font>
	<Font name="SUI_FontOutline16"  font="Interface\AddOns\SpartanUI\media\NotoSans-Bold.ttf" outline="MONOCHROME" virtual="true">
		<FontHeight><AbsValue val="16"/></FontHeight>
        <Shadow><Color a="1" r="0" g="0" b="0"/><Offset x="1" y="-1"/></Shadow>
	</Font>
	<Font name="SUI_FontOutline13" font="Interface\AddOns\SpartanUI\media\NotoSans-Bold.ttf" outline="MONOCHROME" virtual="true">
		<FontHeight><AbsValue val="13"/></FontHeight>
        <Shadow><Color a="1" r="0" g="0" b="0"/><Offset x="1" y="-1"/></Shadow>
	</Font>
	<Font name="SUI_FontOutline12" font="Interface\AddOns\SpartanUI\media\NotoSans-Bold.ttf" outline="MONOCHROME" virtual="true">
		<FontHeight><AbsValue val="12"/></FontHeight>
        <Shadow><Color a="1" r="0" g="0" b="0"/><Offset x="1" y="-1"/></Shadow>
	</Font>
	<Font name="SUI_FontOutline11"  font="Interface\AddOns\SpartanUI\media\NotoSans-Bold.ttf" outline="MONOCHROME" virtual="true">
		<FontHeight><AbsValue val="11"/></FontHeight>
        <Shadow><Color a="1" r="0" g="0" b="0"/><Offset x="1" y="-1"/></Shadow>
	</Font>
	<Font name="SUI_FontOutline10"  font="Interface\AddOns\SpartanUI\media\NotoSans-Bold.ttf" outline="MONOCHROME" virtual="true">
		<FontHeight><AbsValue val="10"/></FontHeight>
        <Shadow><Color a="1" r="0" g="0" b="0"/><Offset x="1" y="-1"/></Shadow>
	</Font>
	<Font name="SUI_FontOutline9"  font="Interface\AddOns\SpartanUI\media\NotoSans-Bold.ttf" outline="MONOCHROME" virtual="true">
		<FontHeight><AbsValue val="9"/></FontHeight>
        <Shadow><Color a="1" r="0" g="0" b="0"/><Offset x="1" y="-1"/></Shadow>
	</Font>
	<Font name="SUI_FontOutline8"  font="Interface\AddOns\SpartanUI\media\NotoSans-Bold.ttf" outline="MONOCHROME" virtual="true">
		<FontHeight><AbsValue val="8"/></FontHeight>
        <Shadow><Color a="1" r="0" g="0" b="0"/><Offset x="1" y="-1"/></Shadow>
	</Font>
	<Font name="SUI_Font10" font="Interface\AddOns\SpartanUI\media\NotoSans-Bold.ttf" outline="MONOCHROME" virtual="true">
		<FontHeight><AbsValue val="10"/></FontHeight>
        <Shadow><Color a="1" r="0" g="0" b="0"/><Offset x="1" y="-1"/></Shadow>
	</Font>
	<Font name="SUI_Font9" font="Interface\AddOns\SpartanUI\media\NotoSans-Bold.ttf" outline="MONOCHROME" virtual="true">
		<FontHeight><AbsValue val="9"/></FontHeight>
        <Shadow><Color a="1" r="0" g="0" b="0"/><Offset x="1" y="-1"/></Shadow>
	</Font>
	<Font name="SUI_Font8" font="Interface\AddOns\SpartanUI\media\NotoSans-Bold.ttf" outline="MONOCHROME" virtual="true">
		<FontHeight><AbsValue val="8"/></FontHeight>
        <Shadow><Color a="1" r="0" g="0" b="0"/><Offset x="1" y="-1"/></Shadow>
	</Font>	
	<!-- SUI_AncherFrame -->
	<Frame name="SUI_FramesBase" frameStrata="BACKGROUND" parent="UIParent">
		<Anchors>
			<Anchor point="BOTTOMLEFT" relativePoint="BOTTOMLEFT"><Offset><AbsDimension x="0" y="-1"/></Offset></Anchor>
			<Anchor point="BOTTOMRIGHT" relativePoint="BOTTOMRIGHT"><Offset><AbsDimension x="0" y="-1"/></Offset></Anchor>
		</Anchors>
	</Frame>
	
	<Frame name="SUI_FramesAnchor" frameStrata="BACKGROUND" parent="UIParent">
		<Anchors>
			<Anchor point="BOTTOMLEFT" relativeTo="SUI_FramesBase" relativePoint="TOPLEFT" />
			<Anchor point="TOPRIGHT" relativeTo="SUI_FramesBase" relativePoint="TOPRIGHT">
				<Offset><AbsDimension x="0" y="153"/></Offset>
			</Anchor>
		</Anchors>
	</Frame>
	
	<Script file="oUF.lua" />
	<Script file="WhatsNew.lua" />
	<Script file="Installer.lua" />
</Ui>
