<Ui xmlns="http://www.blizzard.com/wow/ui/" xmlns:xsi="http://www.w3.org/2001/XMLSchema-instance" xsi:schemaLocation="http://www.blizzard.com/wow/ui/
..\FrameXML\UI.xsd">

<Script file="Goroth.lua"/>
<Script file="DemonicInquisition.lua"/>
<Script file="Harjatan.lua"/>
<Script file="Sasszine.lua"/>
<Script file="SistersoftheMoon.lua"/>
<Script file="TheDesolateHost.lua"/>
<Script file="MaidenofVigilance.lua"/>
<Script file="FallenAvatar.lua"/>
<Script file="Kiljaeden.lua"/>
<Script file="Trash.lua"/>

<Include file="Locales\locales.xml"/>
<Include file="Options\options.xml"/>

</Ui>
