<Ui xmlns="http://www.blizzard.com/wow/ui/" xmlns:xsi="http://www.w3.org/2001/XMLSchema-instance" xsi:schemaLocation="http://www.blizzard.com/wow/ui/
..\FrameXML\UI.xsd">

<Script file="Worldbreaker.lua"/>
<Script file="Felhounds.lua"/>
<Script file="HighCommand.lua"/>
<Script file="Hasabel.lua"/>
<Script file="Eonar.lua"/>
<Script file="Imonar.lua"/>
<Script file="Kingaroth.lua"/>
<Script file="Varimathras.lua"/>
<Script file="CovenofShivarra.lua"/>
<Script file="Aggramar.lua"/>
<Script file="Argus.lua"/>
<Script file="Trash.lua"/>

<Include file="Locales\locales.xml"/>
<Include file="Options\options.xml"/>

</Ui>
